Type,BRCA-US_SP8229,BRCA-US_SP8831,Breast-cancer::PD9595a,Breast-cancer::PD13630a,BRCA-US_SP8157,BRCA-UK_SP2152,Breast-cancer::PD18264a,Breast-cancer::PD4958a,Breast-cancer::PD24332a,Breast-cancer::PD11346a,Breast-cancer::PD14433a,Breast-cancer::PD11383a,BRCA-UK_SP2151,Breast-cancer::PD14472a,Breast-cancer::PD8652a2,Breast-cancer::PD13766a,BRCA-UK_SP116379,Breast-cancer::PD24225a,Breast-cancer::PD11740a,Breast-cancer::PD5951a,Breast-cancer::PD11381a,BRCA-EU_SP117834,BRCA-US_SP8085,Breast-cancer::PD13763a,Breast-cancer::PD24191a,Breast-cancer::PD6730b,Breast-cancer::PD13297a,Breast-cancer::PD11355a,Breast-cancer::PD11465a,Breast-cancer::PD13757a,BRCA-US_SP10084,Breast-cancer::PD13618a,Breast-cancer::PD24183a,BRCA-EU_SP116946,Breast-cancer::PD5938a,Breast-cancer::PD14441a,BRCA-UK_SP116343,Breast-cancer::PD11395a,BRCA-UK_SP2158,Breast-cancer::PD6404a,BRCA-US_SP10150,Breast-cancer::PD13764a,Breast-cancer::PD11358a,Breast-cancer::PD9065a,Breast-cancer::PD11399a,Breast-cancer::PD9576a,Breast-cancer::PD14473a,Breast-cancer::PD13631a,Breast-cancer::PD24318a,Breast-cancer::PD14439a,BRCA-US_SP6730,Breast-cancer::PD23570a,BRCA-US_SP9251,Breast-cancer::PD13620a,BRCA-US_SP8891,BRCA-US_SP10470,Breast-cancer::PD7202a,Breast-cancer::PD11372a,BRCA-EU_SP117378,Breast-cancer::PD7203a,Breast-cancer::PD11761a,BRCA-EU_SP116963,BRCA-US_SP4265,BRCA-US_SP9648,Breast-cancer::PD18754a,Breast-cancer::PD7344a,Breast-cancer::PD6416a,Breast-cancer::PD9544a,Breast-cancer::PD11374a,Breast-cancer::PD7238a,Breast-cancer::PD9579a,Breast-cancer::PD18734a,Breast-cancer::PD24199a,Breast-cancer::PD18048a,Breast-cancer::PD18257a,Breast-cancer::PD24207a,Breast-cancer::PD4264a,BRCA-US_SP10944,BRCA-EU_SP117312,BRCA-EU_SP124207,BRCA-US_SP2793,Breast-cancer::PD24201a,Breast-cancer::PD6466b,Breast-cancer::PD7304a,Breast-cancer::PD24322a,BRCA-US_SP4535,Breast-cancer::PD18049a,BRCA-EU_SP117078,Breast-cancer::PD9591a,Breast-cancer::PD22358a,BRCA-US_SP96163,Breast-cancer::PD18258a,BRCA-US_SP5820,BRCA-EU_SP117944,BRCA-EU_SP117538,BRCA-UK_SP2155,Breast-cancer::PD9702a,Breast-cancer::PD7248a,Breast-cancer::PD24302a,Breast-cancer::PD11388a,BRCA-EU_SP118012,BRCA-EU_SP118077,Breast-cancer::PD18050a,Breast-cancer::PD11754a,Breast-cancer::PD9842a,Breast-cancer::PD11756a,Breast-cancer::PD14450a,Breast-cancer::PD11348a,Breast-cancer::PD22362a,Breast-cancer::PD14432a,BRCA-US_SP7378,BRCA-EU_SP117676,Breast-cancer::PD7220a,Breast-cancer::PD6414a,Breast-cancer::PD18149a,Breast-cancer::PD23558a,Breast-cancer::PD8614a,BRCA-US_SP6813,BRCA-US_SP2731,BRCA-US_SP5844,BRCA-EU_SP118074,Breast-cancer::PD5932a,Breast-cancer::PD13603a,Breast-cancer::PD9756a,Breast-cancer::PD9604a,Breast-cancer::PD13619a,Breast-cancer::PD14468a,BRCA-US_SP6429,BRCA-EU_SP117901,Breast-cancer::PD23574a,Breast-cancer::PD18259a,Breast-cancer::PD8977a,Breast-cancer::PD18017a,Breast-cancer::PD11366a,Breast-cancer::PD13608a,BRCA-UK_SP116349,Breast-cancer::PD13167a,BRCA-EU_SP116991,Breast-cancer::PD7066a,Breast-cancer::PD7243a,Breast-cancer::PD23560a,Breast-cancer::PD24219a,BRCA-EU_SP117032,BRCA-US_SP4875,Breast-cancer::PD24193a,BRCA-US_SP4472,Breast-cancer::PD9696a,Breast-cancer::PD9467a,BRCA-EU_SP117354,Breast-cancer::PD9571a,Breast-cancer::PD11819a,Breast-cancer::PD13296a,Breast-cancer::PD11766a,Breast-cancer::PD4833a,Breast-cancer::PD13166a,Breast-cancer::PD11367a,Breast-cancer::PD9575a,Breast-cancer::PD13752a,BRCA-US_SP12049,BRCA-UK_SP116363,Breast-cancer::PD6045a,BRCA-EU_SP117127,Breast-cancer::PD24202a,Breast-cancer::PD4966a,Breast-cancer::PD4847a,BRCA-US_SP6673,Breast-cancer::PD5935a,Breast-cancer::PD11389a,Breast-cancer::PD18189a,Breast-cancer::PD23554a,Breast-cancer::PD4957a,Breast-cancer::PD24224a,Breast-cancer::PD11327a,Breast-cancer::PD10010a,BRCA-US_SP11292,Breast-cancer::PD4969a,Breast-cancer::PD7240a,BRCA-US_SP6825,BRCA-UK_SP2357,BRCA-EU_SP117244,BRCA-EU_SP124197,BRCA-UK_SP2349,Breast-cancer::PD23562a,Breast-cancer::PD9760a,Breast-cancer::PD13762a,Breast-cancer::PD14442a,Breast-cancer::PD8982a,Breast-cancer::PD24221a,BRCA-UK_SP2147,Breast-cancer::PD6732b,BRCA-UK_SP116367,Breast-cancer::PD24333a,Breast-cancer::PD14454a,Breast-cancer::PD5960a,Breast-cancer::PD11338a,BRCA-US_SP5381,BRCA-US_SP5636,BRCA-EU_SP117710,Breast-cancer::PD9009a,Breast-cancer::PD9581a,Breast-cancer::PD24308a,Breast-cancer::PD13754a,Breast-cancer::PD11741a,Breast-cancer::PD9464a,Breast-cancer::PD24190a,Breast-cancer::PD6410a,Breast-cancer::PD14467a,BRCA-UK_SP116339,BRCA-EU_SP116948,Breast-cancer::PD14434a,Breast-cancer::PD11368a,Breast-cancer::PD9752a,BRCA-US_SP5393,Breast-cancer::PD13306a,Breast-cancer::PD11393a,Breast-cancer::PD24218a,Breast-cancer::PD9755a,BRCA-US_SP11171,Breast-cancer::PD23559a,Breast-cancer::PD7431a,Breast-cancer::PD4975a,Breast-cancer::PD6728b,BRCA-US_SP8660,Breast-cancer::PD8997a,Breast-cancer::PD18024a,BRCA-US_SP7421,Breast-cancer::PD14453a,Breast-cancer::PD18046a,Breast-cancer::PD4252a,Breast-cancer::PD8984a,Breast-cancer::PD8620a,Breast-cancer::PD9843a,Breast-cancer::PD24337a,BRCA-US_SP4523,Breast-cancer::PD7428a,Breast-cancer::PD11742a,Breast-cancer::PD18101a,Breast-cancer::PD24336a,Breast-cancer::PD6684a,Breast-cancer::PD8998a,Breast-cancer::PD8612a,Breast-cancer::PD11743a,Breast-cancer::PD11382a,BRCA-US_SP3415,BRCA-EU_SP117598,BRCA-UK_SP116377,Breast-cancer::PD22363a,Breast-cancer::PD13307a,BRCA-EU_SP117800,Breast-cancer::PD14460a,Breast-cancer::PD14435a,BRCA-EU_SP124193,Breast-cancer::PD4841a,Breast-cancer::PD11339a,Breast-cancer::PD23563a,Breast-cancer::PD24306a,Breast-cancer::PD18728a,Breast-cancer::PD4826a,Breast-cancer::PD6048a,Breast-cancer::PD4874a,Breast-cancer::PD17976a,Breast-cancer::PD23569a,Breast-cancer::PD11365a,Breast-cancer::PD13428a,Breast-cancer::PD8996a,Breast-cancer::PD18776a,Breast-cancer::PD13420a,BRCA-UK_SP116347,Breast-cancer::PD18269a,Breast-cancer::PD13418a,BRCA-EU_SP117618,Breast-cancer::PD4956a,BRCA-EU_SP117454,Breast-cancer::PD23575a,Breast-cancer::PD8621a,Breast-cancer::PD7322a,Breast-cancer::PD8619a,Breast-cancer::PD13609a,Breast-cancer::PD9844a,Breast-cancer::PD11364a,Breast-cancer::PD24215a,BRCA-EU_SP117402,Breast-cancer::PD11748a,Breast-cancer::PD5948a,BRCA-US_SP6115,BRCA-US_SP2766,Breast-cancer::PD22366a,Breast-cancer::PD4086a,BRCA-US_SP4557,Breast-cancer::PD11357a,BRCA-UK_SP2160,Breast-cancer::PD8609a,Breast-cancer::PD9193a,Breast-cancer::PD8610a,Breast-cancer::PD11360a,Breast-cancer::PD8999a,BRCA-US_SP9930,Breast-cancer::PD11359a,Breast-cancer::PD9593a,Breast-cancer::PD6041a,Breast-cancer::PD11344a,Breast-cancer::PD11384a,Breast-cancer::PD11750a,Breast-cancer::PD4076a,Breast-cancer::PD24214a,BRCA-UK_SP116333,BRCA-EU_SP117370,Breast-cancer::PD18100a,Breast-cancer::PD11361a,Breast-cancer::PD13426a,Breast-cancer::PD18037a,Breast-cancer::PD11370a,BRCA-US_SP2826,Breast-cancer::PD4972a,Breast-cancer::PD14456a,BRCA-US_SP10635,BRCA-US_SP7291,Breast-cancer::PD11347a,Breast-cancer::PD23577a,Breast-cancer::PD11816a,Breast-cancer::PD8615a,Breast-cancer::PD6731a2,Breast-cancer::PD13302a,Breast-cancer::PD24217a,Breast-cancer::PD13758a,BRCA-US_SP12186,Breast-cancer::PD5930a,Breast-cancer::PD11377a,Breast-cancer::PD24189a,BRCA-US_SP11808,Breast-cancer::PD24212a,BRCA-EU_SP117372,BRCA-US_SP10563,BRCA-US_SP5559,BRCA-US_SP5808,Breast-cancer::PD6727b,Breast-cancer::PD24206a,BRCA-US_SP4593,Breast-cancer::PD11751a,Breast-cancer::PD13755a,Breast-cancer::PD4986a,Breast-cancer::PD11402a,Breast-cancer::PD24194a,Breast-cancer::PD22355a,BRCA-EU_SP117257,Breast-cancer::PD13761a,Breast-cancer::PD13419a,Breast-cancer::PD11765a,Breast-cancer::PD11375a,BRCA-UK_SP2148,Breast-cancer::PD5954a,Breast-cancer::PD13165a,Breast-cancer::PD13299a,Breast-cancer::PD9754a,Breast-cancer::PD24188a,BRCA-US_SP96147,Breast-cancer::PD18022a,Breast-cancer::PD8995a,Breast-cancer::PD5934a,Breast-cancer::PD11818a,Breast-cancer::PD9757a,BRCA-US_SP9433,BRCA-EU_SP117593,BRCA-UK_SP116361,Breast-cancer::PD13607a,BRCA-EU_SP117113,BRCA-EU_SP117785,BRCA-UK_SP116373,BRCA-EU_SP117629,BRCA-EU_SP118073,BRCA-EU_SP117728,Breast-cancer::PD22356a,Breast-cancer::PD8608a,Breast-cancer::PD11349a,BRCA-US_SP5473,BRCA-US_SP2714,Breast-cancer::PD8660a2,BRCA-UK_SP2153,Breast-cancer::PD18047a,BRCA-US_SP2881,BRCA-EU_SP117363,Breast-cancer::PD8981a,Breast-cancer::PD7307a,Breast-cancer::PD18020a,Breast-cancer::PD5947a,Breast-cancer::PD18116a,Breast-cancer::PD11341a,Breast-cancer::PD17994a,Breast-cancer::PD7306a,Breast-cancer::PD18247a,Breast-cancer::PD13311a,Breast-cancer::PD11744a,Breast-cancer::PD11337a,BRCA-UK_SP2150,Breast-cancer::PD4955a,BRCA-US_SP7692,Breast-cancer::PD8979a,Breast-cancer::PD13605a,Breast-cancer::PD7427a,Breast-cancer::PD18031a,Breast-cancer::PD11376a,BRCA-US_SP5052,BRCA-US_SP8987,BRCA-US_SP2997,BRCA-EU_SP117840,Breast-cancer::PD13756a,Breast-cancer::PD11343a,BRCA-UK_SP116369,Breast-cancer::PD8611a,Breast-cancer::PD18748a,BRCA-UK_SP2145,BRCA-UK_SP116365,Breast-cancer::PD23565a,BRCA-US_SP11948,Breast-cancer::PD13310a,BRCA-EU_SP118038,Breast-cancer::PD13753a,Breast-cancer::PD11745a,Breast-cancer::PD9847a,Breast-cancer::PD24184a,BRCA-EU_SP117778,Breast-cancer::PD9606a,Breast-cancer::PD18251a,Breast-cancer::PD13768a,Breast-cancer::PD11769a,Breast-cancer::PD24328a,Breast-cancer::PD7249a,BRCA-EU_SP117933,Breast-cancer::PD9759a,BRCA-US_SP2801,BRCA-EU_SP117409,BRCA-US_SP9481,Breast-cancer::PD24204a,Breast-cancer::PD5945a,BRCA-US_SP5784,Breast-cancer::PD11396a,Breast-cancer::PD7210a,Breast-cancer::PD7211a,Breast-cancer::PD11757a,Breast-cancer::PD13304a,Breast-cancer::PD23552a,BRCA-US_SP5448,BRCA-US_SP8795,BRCA-UK_SP2154,Breast-cancer::PD24192a,Breast-cancer::PD23566a,BRCA-US_SP11235,BRCA-UK_SP116345,Breast-cancer::PD7069a,Breast-cancer::PD6413a,BRCA-US_SP8394,BRCA-UK_SP116375,Breast-cancer::PD7250a,Breast-cancer::PD24325a,Breast-cancer::PD13625a,Breast-cancer::PD18733a,Breast-cancer::PD9541a,Breast-cancer::PD24220a,BRCA-UK_SP116341,Breast-cancer::PD9539a,Breast-cancer::PD13162a,BRCA-EU_SP117105,Breast-cancer::PD14471a,Breast-cancer::PD10011a,Breast-cancer::PD9761a,Breast-cancer::PD7426a,Breast-cancer::PD23579a,Breast-cancer::PD23564a,Breast-cancer::PD13604a,BRCA-UK_SP2293,Breast-cancer::PD24326a,BRCA-EU_SP117011,Breast-cancer::PD23561a,Breast-cancer::PD13425a,Breast-cancer::PD6405a,Breast-cancer::PD4977a,Breast-cancer::PD9063a,BRCA-US_SP3631,Breast-cancer::PD5937a
A[C>A]A,71,296,185,49,63,41,24,74,25,33,37,57,24,39,268,31,114,22,36,61,30,127,103,46,122,211,132,41,227,16,239,36,56,65,18,89,126,71,70,83,61,98,67,60,53,297,29,33,32,23,54,13,94,81,122,218,98,46,22,22,53,19,119,296,26,10,56,22,37,24,35,90,46,67,58,36,34,144,42,166,284,362,8,36,57,37,38,84,17,89,139,25,82,177,233,138,135,206,9,76,30,36,46,34,35,33,20,85,35,28,78,22,32,18,47,195,22,83,47,74,118,142,32,39,52,30,21,120,114,205,115,38,33,40,42,30,29,45,66,142,37,62,43,219,30,111,74,43,81,80,30,313,11,145,30,144,92,56,384,136,13,41,131,11,268,316,157,30,72,121,25,27,277,37,114,14,70,175,216,26,278,120,119,70,27,24,257,51,293,36,198,106,51,56,36,28,72,39,95,26,79,39,57,106,164,114,27,106,49,97,92,72,68,30,94,38,30,153,94,17,124,67,140,45,205,269,127,52,83,147,22,32,108,80,224,116,12,50,171,47,21,57,45,118,38,198,167,59,89,28,69,34,148,28,185,66,34,61,53,147,29,15,82,44,40,29,21,49,28,54,26,183,21,23,119,49,65,27,18,35,122,43,229,215,41,162,138,1,148,41,43,43,26,84,39,18,166,43,25,9,26,23,103,28,60,64,37,32,31,32,77,26,58,24,31,35,54,17,81,59,43,80,74,32,28,70,73,28,63,78,243,41,56,166,268,86,61,32,257,28,16,32,58,185,28,21,12,30,38,78,25,134,117,39,30,77,28,55,291,28,26,47,40,96,38,50,47,192,113,41,27,6,21,103,95,180,275,139,50,189,138,29,67,230,29,22,25,13,106,24,80,41,58,65,143,158,55,19,41,51,43,451,188,53,30,49,61,193,83,39,123,110,55,215,30,112,43,42,41,38,41,27,48,14,21,40,49,24,38,89,148,45,52,161,184,47,22,188,30,27,55,75,88,239,277,141,78,51,55,97,42,159,146,166,200,53,32,46,172,60,42,46,61,101,35,216,289,131,233,61,88,47,111,213,77,93,52,98,96
A[C>A]C,50,276,159,39,63,19,30,127,29,18,25,31,20,30,209,31,90,21,30,56,34,92,58,41,107,184,120,34,168,14,199,18,39,49,14,75,89,55,86,85,47,63,45,27,31,261,15,41,43,17,63,13,60,59,143,169,68,44,9,14,41,26,82,186,19,9,54,21,24,22,31,66,28,46,28,31,22,111,29,115,251,305,15,31,41,39,43,95,16,97,106,16,51,117,172,152,85,182,15,90,16,28,37,28,21,16,10,68,24,25,31,20,24,15,28,176,19,70,30,49,75,112,28,24,47,28,22,124,107,189,120,52,26,46,30,32,20,32,53,99,44,28,26,172,40,102,88,39,45,51,16,286,24,119,14,140,73,33,309,95,16,25,112,11,164,393,138,33,61,120,44,27,225,25,76,12,57,134,171,17,244,60,105,66,24,33,235,28,191,30,134,94,31,70,39,25,49,25,92,23,52,38,34,89,127,91,29,77,55,89,82,51,36,28,66,45,18,116,83,34,106,43,139,36,179,219,93,32,34,133,20,29,95,55,239,99,12,37,150,45,39,51,40,92,20,124,197,50,57,18,48,23,104,38,170,58,20,26,34,121,17,12,76,41,58,24,29,26,17,45,19,184,27,17,92,25,36,33,5,21,80,43,176,179,25,116,103,2,62,49,30,37,24,80,41,17,159,36,26,17,28,22,85,24,44,63,20,22,20,42,60,19,33,13,21,23,47,20,51,42,30,83,64,31,30,54,55,31,68,62,219,25,33,120,207,67,61,24,205,16,13,36,55,174,17,18,14,31,21,64,31,83,92,33,22,41,19,44,244,26,26,36,27,67,35,20,43,133,90,27,26,13,20,100,57,129,224,149,26,168,102,36,59,239,25,19,31,15,85,16,58,28,47,44,114,100,48,30,22,34,54,396,169,48,25,38,47,168,77,35,111,75,68,151,24,92,41,45,31,33,29,13,41,17,18,31,46,13,25,66,108,33,36,161,121,38,18,148,24,22,25,52,68,174,273,135,60,42,41,72,41,98,114,122,169,50,26,28,130,57,27,33,55,58,35,162,310,210,168,31,31,34,128,185,67,76,47,61,129
A[C>A]G,5,60,29,6,8,3,3,17,3,2,8,4,6,2,29,3,14,4,10,18,7,23,7,10,9,47,20,12,26,2,28,5,7,8,5,11,11,11,13,13,4,11,11,6,9,39,3,4,8,4,10,5,10,4,15,26,11,10,6,0,10,7,11,30,2,1,9,3,4,3,2,9,8,25,10,5,5,19,4,8,48,56,2,3,7,4,3,13,3,24,17,6,9,18,25,16,26,26,3,13,3,7,12,2,3,2,3,16,4,9,10,5,4,6,3,29,4,14,7,10,14,15,6,6,13,3,3,16,10,29,13,10,6,5,6,3,5,6,16,16,3,8,5,32,3,17,13,7,11,12,5,52,3,20,8,21,15,5,62,19,1,5,28,2,23,48,21,5,7,19,9,5,51,7,20,5,12,13,37,1,30,8,17,14,7,5,48,2,24,6,25,10,6,10,4,4,7,3,5,0,11,6,9,11,24,15,5,9,7,5,17,8,9,4,11,7,2,22,23,7,11,11,24,3,33,44,16,1,16,28,2,2,12,10,57,10,1,8,30,8,2,7,9,18,4,19,33,5,8,3,7,4,18,5,22,8,3,4,7,27,7,4,9,11,5,2,4,4,5,11,3,31,4,4,19,4,10,6,1,6,11,7,12,24,11,25,20,0,14,12,8,10,4,12,6,7,20,3,3,3,5,3,18,3,7,13,5,3,3,7,13,1,7,2,7,8,7,1,14,7,7,18,9,6,6,9,5,3,16,5,24,3,3,17,23,17,12,5,36,8,2,6,6,27,4,6,4,4,4,13,6,13,20,5,5,10,2,8,27,7,2,9,5,12,5,5,5,20,17,4,3,2,6,18,14,17,79,16,10,28,11,3,10,24,5,2,9,3,8,1,18,4,3,5,13,14,9,3,6,12,6,59,21,12,8,5,7,24,22,7,13,7,15,25,6,11,4,6,8,5,10,1,11,1,4,4,11,5,5,9,21,7,15,19,18,11,3,15,6,4,6,4,17,14,31,26,10,2,4,11,6,13,25,25,22,7,3,5,22,5,12,7,9,15,6,25,35,21,46,7,9,7,17,31,9,18,5,14,16
A[C>A]T,32,298,162,40,36,25,19,136,15,18,17,36,18,23,222,17,64,18,13,30,17,79,60,39,86,143,106,30,176,4,222,12,24,34,12,61,59,45,52,76,34,50,38,25,28,336,14,35,22,13,42,17,72,61,113,194,55,41,12,8,27,10,77,207,21,6,42,12,21,18,15,61,36,38,39,22,8,94,21,114,276,332,13,22,44,26,22,59,11,86,115,14,50,101,158,159,102,155,11,60,19,21,34,27,27,20,16,52,24,22,47,22,26,10,22,147,15,71,23,30,60,110,30,25,30,16,12,129,85,216,113,35,17,30,27,21,29,26,55,97,35,31,20,212,61,70,104,30,38,52,20,272,15,109,17,118,53,40,323,104,19,22,125,12,129,310,123,20,53,140,43,29,260,24,66,8,43,119,179,20,257,49,100,56,13,19,220,25,176,32,109,64,35,42,27,17,39,23,80,22,43,16,28,67,141,88,11,49,36,54,56,25,38,22,66,29,13,125,70,20,100,34,119,23,165,156,86,28,46,95,9,27,92,41,303,104,7,39,139,27,8,40,22,127,15,120,185,40,48,16,46,10,109,22,179,67,21,32,42,114,18,11,73,33,35,14,32,34,10,42,23,154,21,27,117,20,36,33,3,21,103,38,224,228,31,139,136,1,60,38,27,12,17,73,29,17,120,25,16,16,9,15,101,28,37,57,19,15,19,16,52,9,24,14,25,24,33,19,54,49,29,86,53,26,30,45,69,26,88,38,164,31,22,119,171,51,44,20,212,16,14,28,46,201,11,19,7,14,19,73,10,100,75,20,25,36,9,39,251,19,20,34,18,57,31,24,34,164,85,14,20,10,14,89,51,148,211,107,24,188,88,16,48,272,8,15,10,4,68,15,62,19,40,46,106,83,29,14,32,28,32,474,161,47,22,22,29,195,82,23,112,78,56,157,16,76,38,40,22,20,20,8,34,10,15,24,51,22,19,47,110,26,18,152,138,34,20,140,28,18,49,43,64,161,241,118,43,21,37,72,25,93,89,106,153,31,36,27,147,34,37,24,34,72,21,160,436,220,176,39,33,28,193,176,56,71,33,55,191
A[C>G]A,27,236,140,33,43,14,22,87,16,11,9,21,17,15,246,10,33,10,13,15,12,51,26,21,107,168,180,13,150,10,95,11,22,15,10,50,103,27,43,77,33,51,16,9,21,251,15,12,12,10,24,9,95,34,69,165,27,49,16,9,26,12,43,160,6,4,32,5,21,10,11,22,18,44,28,30,12,82,8,70,213,214,12,18,50,7,15,48,6,118,137,10,27,87,122,113,141,192,10,33,7,18,22,11,22,10,7,33,9,22,22,12,21,19,25,141,12,40,21,35,62,140,17,12,36,14,8,183,50,204,71,24,14,17,15,19,13,12,58,52,28,36,20,114,28,86,70,13,17,70,25,271,20,103,16,90,49,24,217,96,13,3,136,10,111,195,155,9,21,119,31,15,198,35,85,9,70,84,125,14,168,30,114,60,4,10,298,26,144,32,138,113,24,45,17,8,27,10,83,22,57,20,5,42,85,110,13,42,19,60,28,18,49,6,31,24,13,79,62,17,127,33,137,25,174,186,76,20,29,174,12,18,88,40,256,76,5,21,208,41,16,38,30,123,15,88,128,18,31,15,18,12,76,15,130,61,10,26,27,83,12,12,37,24,30,12,13,13,11,48,10,180,12,19,137,14,37,23,6,6,72,32,171,302,20,95,148,1,40,24,19,21,24,60,28,4,129,23,9,9,39,8,135,12,19,42,9,9,8,21,37,16,48,8,20,17,18,12,67,20,49,73,26,66,21,44,55,15,87,37,124,44,31,99,134,82,25,10,250,11,14,17,53,117,4,15,11,14,10,61,10,36,98,13,17,29,15,37,190,9,7,52,8,62,22,9,22,191,80,12,11,9,35,53,58,150,293,98,16,117,12,9,38,267,10,14,11,7,38,31,76,12,18,26,51,65,33,9,21,20,24,269,156,33,17,14,32,196,126,19,58,88,54,152,10,35,43,18,12,16,10,10,40,4,15,16,32,9,14,24,88,9,17,157,64,14,10,135,26,8,35,50,45,128,319,110,46,25,33,58,19,79,166,171,65,21,29,23,142,16,57,18,24,113,14,263,271,165,224,143,58,58,150,237,183,99,95,119,144
A[C>G]C,19,150,88,19,35,11,8,62,15,7,12,17,10,12,139,9,18,10,7,15,10,40,19,8,54,79,101,12,91,10,61,5,22,7,6,28,63,22,30,55,21,33,16,11,19,157,4,15,12,7,19,7,40,25,60,113,23,24,9,5,20,8,25,90,4,6,34,5,15,10,16,15,17,24,19,12,3,44,5,60,120,130,10,11,32,11,17,30,6,53,82,6,22,42,79,75,61,98,9,39,3,22,14,11,18,8,5,31,9,16,13,5,10,14,12,76,10,24,14,16,39,70,8,12,28,8,9,76,44,94,35,23,7,9,18,12,15,4,25,29,10,13,15,62,15,62,40,8,16,39,17,152,9,71,7,70,52,12,117,62,6,4,64,6,58,114,93,14,21,75,13,13,131,5,47,4,44,67,85,9,93,26,78,23,5,10,175,17,89,18,76,77,18,28,10,8,17,21,49,9,29,24,9,27,38,49,11,20,14,46,23,20,28,6,14,20,7,52,38,24,71,22,65,15,118,103,40,14,21,69,8,12,59,24,146,52,3,20,131,19,6,27,33,65,18,53,64,11,25,10,13,8,49,13,74,21,3,25,10,54,9,10,24,15,22,9,11,20,6,27,5,115,7,8,88,10,26,16,2,14,34,22,102,156,21,49,72,1,27,16,16,14,24,49,11,5,76,15,11,10,11,9,101,10,14,21,11,7,6,15,30,3,22,6,5,7,18,9,25,13,27,32,27,23,14,17,41,10,36,12,66,19,12,58,113,51,19,14,138,6,17,18,30,74,8,4,4,8,7,35,6,22,61,3,16,19,7,25,107,6,12,25,8,33,20,4,14,89,50,10,8,5,11,43,27,70,199,81,10,66,16,10,24,126,3,10,6,8,33,16,55,4,11,24,44,35,14,5,6,22,16,161,92,16,16,9,24,92,63,7,44,36,15,80,7,24,22,20,18,10,20,7,26,5,10,12,20,8,13,16,73,10,9,77,42,11,5,58,21,7,19,42,39,75,167,59,36,17,23,28,12,50,95,94,39,18,14,16,70,17,21,15,11,54,8,165,139,91,96,43,23,31,69,111,54,32,34,36,56
A[C>G]G,8,98,36,10,9,1,2,20,4,4,6,1,1,5,59,3,14,1,2,5,6,4,5,2,24,123,49,3,59,0,25,4,4,4,3,6,20,3,5,38,5,10,4,2,6,55,4,0,16,3,4,1,11,4,10,44,17,10,7,5,7,3,8,49,4,3,8,0,5,3,1,2,5,25,4,8,4,14,4,21,89,99,3,4,14,4,7,8,1,21,33,3,6,22,20,18,46,39,0,4,2,5,8,2,4,7,2,6,2,1,1,3,2,2,3,39,3,13,4,9,14,28,9,3,17,3,2,48,14,34,12,4,8,3,2,9,6,4,12,8,2,11,6,35,3,19,26,4,9,31,4,100,5,34,5,18,16,1,39,16,1,1,30,0,29,47,54,2,13,37,9,7,92,16,19,3,8,6,58,0,32,7,46,10,3,6,99,10,23,10,46,26,5,7,6,0,6,2,20,1,15,4,4,8,26,24,2,10,1,4,4,3,16,4,7,7,4,22,55,10,23,14,61,6,49,58,23,2,25,34,3,4,24,13,185,24,1,7,44,6,3,7,4,30,2,24,53,5,5,4,2,1,42,3,40,9,3,2,9,51,3,4,4,9,5,1,5,5,1,7,2,81,4,0,37,3,13,11,0,3,13,7,38,52,19,21,40,0,9,3,5,1,1,10,7,3,44,3,0,2,3,8,38,3,5,21,3,3,1,4,13,2,13,0,7,0,2,3,11,2,11,16,6,10,6,7,12,4,18,4,23,6,6,17,32,29,4,5,69,1,4,1,10,36,0,2,3,10,1,15,2,8,39,5,4,6,5,7,60,6,3,13,2,16,4,3,3,30,12,2,2,3,6,6,28,35,257,26,1,31,5,2,15,49,2,1,3,2,7,6,31,4,4,7,12,14,8,4,8,6,5,53,33,14,0,4,4,29,28,4,17,25,25,37,1,7,4,8,2,7,4,3,5,1,2,5,8,1,4,6,18,5,8,43,13,5,2,22,9,4,8,14,18,21,46,29,3,3,3,12,7,16,23,60,13,4,2,8,47,3,12,8,5,31,2,40,38,12,54,9,8,9,10,46,14,13,7,7,10
A[C>G]T,31,275,148,19,46,17,16,104,22,15,20,18,21,16,263,18,39,8,14,28,15,50,35,11,105,137,185,7,165,12,118,10,24,16,10,52,96,28,34,79,33,43,16,3,25,296,8,21,14,3,18,5,96,47,80,182,36,59,15,12,20,4,57,158,12,10,42,6,20,14,10,38,31,46,19,27,7,79,9,76,219,240,8,11,64,11,24,45,7,98,128,10,31,103,118,114,134,189,11,35,6,12,25,15,24,10,10,46,12,5,24,10,19,8,16,158,10,58,15,29,58,164,19,20,38,22,8,164,51,179,74,26,15,16,12,21,33,11,72,47,33,22,18,116,30,98,91,7,22,58,18,287,14,111,9,98,99,22,230,114,14,10,112,10,97,197,162,10,32,118,30,21,219,25,87,9,53,73,119,5,189,35,138,44,6,10,337,33,128,29,116,168,18,39,8,7,27,10,68,13,75,25,11,28,107,102,9,38,18,63,40,16,39,13,28,21,14,78,59,19,113,33,138,31,182,164,87,17,26,167,13,14,81,35,263,82,3,29,250,45,11,34,35,92,20,100,148,18,31,22,18,14,78,13,120,44,12,26,20,113,11,14,57,21,23,4,14,13,12,46,6,208,5,18,133,11,31,24,5,16,111,18,177,311,18,104,139,0,45,17,29,17,19,59,24,6,129,13,15,14,41,13,157,11,18,48,7,7,12,19,32,17,42,9,18,9,15,13,50,28,39,62,31,55,24,43,64,20,79,34,115,33,19,117,139,80,19,16,257,14,20,18,55,110,7,7,13,17,9,81,9,42,124,9,15,28,13,37,207,12,5,59,13,61,23,12,38,192,88,12,13,7,18,60,70,145,318,114,20,109,19,9,53,269,9,9,10,9,55,37,72,12,23,29,60,61,36,19,17,24,14,253,142,38,13,18,22,183,100,16,66,67,56,128,13,49,34,33,15,17,20,3,42,6,9,19,41,11,17,22,107,24,11,171,80,13,7,122,23,11,52,36,65,137,298,120,45,12,31,64,33,69,182,182,64,19,19,25,122,23,56,14,37,101,11,243,384,188,273,128,65,63,154,275,181,121,113,89,139
A[C>T]A,73,314,182,68,79,44,57,139,29,54,58,60,31,45,242,45,103,37,51,59,47,106,70,55,103,160,658,34,260,21,238,30,70,73,32,82,174,53,97,145,89,72,76,30,58,328,34,44,63,27,91,32,126,83,129,247,98,93,52,8,52,25,79,281,39,14,43,35,58,46,35,83,49,86,47,59,46,199,37,159,298,340,18,31,64,40,54,110,22,105,141,17,88,115,134,142,108,177,22,102,34,45,38,60,92,36,28,94,37,40,42,35,52,42,50,180,23,148,44,86,124,149,54,37,151,46,29,160,121,204,106,73,42,61,62,81,46,45,59,124,47,68,49,133,390,119,90,44,63,87,47,281,31,142,42,153,121,60,313,111,39,25,129,25,234,339,146,53,67,127,53,52,203,49,114,20,90,211,193,30,268,112,135,92,33,34,305,42,229,35,161,139,43,56,57,24,50,53,113,42,83,39,34,115,137,109,36,83,50,82,91,62,82,43,86,86,40,116,102,60,121,50,139,66,178,251,130,64,83,160,31,43,112,81,252,101,14,76,180,58,34,65,69,132,57,191,181,59,63,64,67,50,131,54,140,62,28,49,41,153,30,22,82,95,43,42,43,62,38,79,34,188,30,14,137,32,70,46,8,44,68,58,210,222,59,169,125,1,87,61,58,71,31,97,54,34,152,44,36,30,68,46,89,40,71,108,41,22,25,48,130,29,67,26,57,46,63,39,67,62,54,86,100,69,42,100,67,55,1032,66,182,88,62,150,234,118,58,54,249,49,51,50,76,196,34,42,22,48,29,65,30,97,122,27,38,83,37,86,207,36,34,108,47,95,54,34,60,152,120,44,41,16,81,130,123,187,387,196,43,179,95,32,63,231,33,38,21,22,92,61,60,54,38,87,127,188,91,33,25,60,56,397,159,58,47,46,62,178,97,54,140,90,98,152,37,86,59,49,43,58,49,34,48,26,34,44,65,24,50,76,158,46,67,166,174,50,33,157,19,24,245,104,107,196,301,132,80,68,73,77,79,181,114,186,191,53,46,49,164,45,68,53,63,113,37,212,4346,3077,481,295,154,211,396,295,167,274,286,173,1581
A[C>T]C,32,165,89,43,38,18,36,91,23,25,25,38,18,27,126,28,42,20,33,40,27,86,47,38,60,72,551,18,145,10,103,21,43,40,19,55,65,60,44,66,34,58,44,19,35,159,27,25,32,13,56,32,61,57,76,99,42,43,25,15,30,21,38,104,28,7,30,10,48,39,22,35,32,46,31,32,30,80,24,90,106,192,12,24,42,28,29,90,10,55,88,15,54,76,83,79,69,101,14,56,23,34,53,40,52,23,19,63,20,39,20,27,23,23,20,94,19,63,31,50,77,71,27,23,84,26,21,87,63,105,60,52,37,38,32,39,32,35,45,74,30,44,17,76,158,82,42,40,47,54,21,146,30,67,19,71,73,34,123,64,23,13,55,16,125,163,80,24,64,59,32,30,101,31,55,13,56,109,68,23,111,56,50,46,30,18,150,25,104,38,71,80,39,34,28,17,29,33,36,25,46,23,17,53,85,56,9,32,50,41,67,48,45,29,44,39,33,64,46,33,61,30,80,30,82,119,55,31,38,73,25,33,56,27,113,60,7,42,102,23,13,36,46,46,29,100,79,37,48,31,48,24,64,38,69,47,27,24,40,63,27,15,63,63,32,22,29,39,22,60,20,78,24,4,73,25,44,17,7,30,50,30,117,99,23,40,69,0,54,42,25,30,16,50,36,21,74,35,23,15,27,17,46,24,38,54,24,18,20,25,84,24,28,6,23,26,25,34,43,37,35,34,52,18,38,46,31,24,411,44,104,35,40,84,126,49,32,35,148,28,23,31,33,83,18,36,8,28,24,60,26,47,55,26,18,43,19,51,100,19,15,48,26,45,34,19,48,66,55,24,24,17,47,69,58,83,204,101,30,112,43,17,36,102,20,19,14,14,68,24,33,21,25,44,60,85,55,20,14,22,50,183,93,46,27,21,36,86,66,35,53,54,59,84,32,42,41,30,28,32,43,19,28,16,23,30,36,25,28,69,69,18,36,83,71,38,21,78,17,23,86,54,64,105,149,57,43,29,46,33,58,105,68,80,84,31,29,16,83,31,51,52,36,72,32,87,1363,1146,190,88,52,64,185,136,52,104,95,47,619
A[C>T]G,228,193,196,147,162,136,127,121,150,86,128,122,59,124,288,79,244,75,136,213,91,207,168,160,105,177,208,91,451,61,257,97,156,159,79,110,267,191,288,174,208,160,144,119,214,275,110,107,131,68,272,70,149,285,127,158,297,146,85,40,75,126,156,222,110,35,59,84,124,132,80,201,125,239,135,210,169,403,129,186,195,411,71,100,166,185,169,170,82,92,151,56,331,141,149,93,126,209,75,311,110,156,258,156,152,104,58,308,80,92,144,91,140,82,105,189,59,162,113,432,378,142,139,89,415,120,109,164,116,185,205,344,98,136,134,153,154,135,125,239,105,307,121,114,558,119,112,198,157,151,105,327,69,96,102,259,153,117,277,121,65,101,157,56,247,196,157,77,151,77,73,90,150,100,95,52,254,516,150,62,119,241,161,228,99,92,290,60,206,88,298,219,119,99,134,92,146,96,176,87,150,130,89,168,186,102,108,143,154,89,260,206,244,108,322,111,91,161,150,140,119,90,154,157,186,282,188,176,189,189,73,80,109,148,204,137,58,91,170,44,139,137,142,151,89,292,135,159,216,132,216,116,156,214,120,62,85,115,179,124,155,26,220,146,199,102,119,204,81,219,88,168,144,17,163,124,167,93,23,136,115,126,227,216,101,144,154,6,150,226,91,112,84,63,187,84,119,160,86,83,71,89,118,137,245,145,129,82,131,162,516,76,128,64,129,119,139,99,99,121,124,123,271,53,91,272,76,106,1726,246,191,97,226,223,223,318,110,134,261,118,70,172,141,260,86,78,57,98,135,102,88,212,123,130,129,180,102,352,159,96,83,219,139,76,176,132,125,161,109,151,118,41,111,241,205,185,562,374,147,180,134,112,102,259,97,89,81,81,289,119,76,110,139,188,100,408,198,72,62,147,201,239,184,130,105,113,146,183,112,170,87,105,283,178,139,103,142,104,101,143,123,93,133,103,115,97,134,72,133,184,140,163,271,124,191,122,96,180,36,112,190,224,262,181,215,147,147,132,168,83,265,440,144,282,421,127,232,205,133,366,137,218,243,225,130,179,2929,8107,328,143,182,148,494,335,210,279,204,132,1707
A[C>T]T,53,241,174,51,59,31,26,95,20,29,29,30,26,30,199,25,75,19,38,46,27,60,57,38,102,149,222,23,164,16,181,39,44,46,29,57,89,40,70,135,38,45,43,23,45,306,22,31,37,17,51,27,92,34,110,196,48,39,39,9,38,16,67,263,23,7,37,29,37,21,17,40,37,70,18,36,27,128,27,119,267,293,15,29,47,36,34,88,18,88,114,15,59,117,163,112,101,185,17,62,24,29,36,23,41,24,19,68,36,29,40,32,26,23,36,141,23,87,35,63,84,127,34,29,81,33,17,153,61,190,88,35,25,44,36,45,32,40,31,94,37,50,37,155,165,95,78,50,33,78,25,282,19,96,15,123,71,33,252,121,20,18,123,13,179,260,146,27,51,89,35,29,197,42,94,9,64,158,182,18,251,61,101,59,24,20,216,24,218,42,133,108,39,65,45,18,47,40,48,20,76,28,15,82,103,69,24,64,51,65,53,41,57,25,42,49,33,121,67,32,108,40,119,28,157,224,52,38,43,102,14,46,100,51,302,82,17,58,155,36,23,38,53,107,36,107,124,44,65,31,48,31,85,38,151,55,23,31,45,121,20,11,94,68,36,25,22,36,21,47,27,184,22,12,101,28,46,33,7,25,67,26,169,168,31,137,127,2,61,51,29,46,13,61,50,25,145,33,21,14,39,26,115,30,53,95,24,26,17,46,116,22,52,14,28,32,31,24,72,30,36,71,57,37,41,45,67,33,462,47,155,47,48,109,195,78,39,43,191,22,31,37,46,173,13,24,9,39,28,84,27,62,99,24,20,34,20,49,213,22,20,66,34,67,37,37,58,155,81,23,17,11,39,97,89,157,293,141,32,164,71,15,58,264,18,23,15,17,53,39,43,24,37,40,99,108,64,10,24,36,35,370,135,51,21,34,31,191,83,35,101,74,62,126,26,66,47,28,23,39,47,12,32,22,27,36,35,18,30,67,123,26,33,133,117,41,24,129,15,20,110,78,68,159,247,135,33,39,42,64,51,123,128,124,139,39,34,34,123,48,33,47,38,108,24,185,1842,1115,234,126,73,89,210,165,60,122,111,84,707
A[T>A]A,29,123,89,27,26,14,20,46,16,32,28,27,20,31,119,16,39,8,19,48,20,55,26,29,43,92,75,13,107,11,115,28,26,21,13,52,48,26,68,43,34,57,21,20,30,151,19,23,17,14,66,15,43,53,58,83,26,18,18,13,25,13,36,98,15,7,42,13,17,15,12,42,29,35,24,25,17,81,22,81,117,243,5,14,37,18,32,44,8,40,67,9,30,70,100,97,43,102,10,47,13,30,26,11,29,15,11,37,34,17,18,18,21,19,23,110,12,39,16,32,61,56,17,18,62,19,16,70,32,88,53,33,14,18,22,27,10,22,21,59,30,32,21,80,109,49,48,17,35,47,14,124,15,48,23,63,48,32,163,61,13,8,49,6,129,211,84,14,21,59,6,16,105,21,34,12,64,113,71,12,92,25,49,35,22,22,115,32,150,26,77,61,20,40,15,17,12,25,57,13,39,31,24,36,91,44,12,22,37,54,67,26,35,6,29,26,19,56,51,13,77,22,56,22,81,98,56,31,20,64,11,24,50,35,94,52,13,34,100,21,11,22,42,40,31,79,78,28,35,13,37,12,80,24,69,45,15,24,23,62,13,18,123,26,18,8,11,27,12,33,15,89,20,13,57,23,24,19,6,22,63,23,73,119,9,55,72,0,20,43,22,28,15,43,25,7,56,24,15,10,14,8,57,12,15,34,13,10,15,23,21,4,28,7,9,16,22,18,28,29,16,29,56,15,25,44,24,24,79,45,105,29,27,82,104,32,56,13,102,20,13,28,58,81,13,12,11,16,21,31,18,33,47,20,15,33,12,18,91,15,15,25,25,25,20,13,26,79,57,12,24,10,11,82,48,86,180,77,11,85,54,15,33,122,14,14,11,13,62,11,38,20,24,32,56,44,29,9,28,18,21,183,80,28,23,14,30,74,55,19,43,48,57,71,22,45,16,17,20,23,28,10,37,10,12,25,31,10,25,35,79,19,14,71,69,29,12,69,11,10,43,23,60,90,115,44,44,15,18,36,32,69,37,75,83,33,20,18,77,26,30,20,31,59,16,77,733,577,89,33,39,20,245,91,70,33,25,43,131
A[T>A]C,17,101,61,23,26,9,16,60,10,17,25,28,23,18,107,19,26,6,23,29,26,37,21,32,34,68,35,14,82,8,75,12,30,27,12,43,32,29,41,40,31,33,39,17,39,130,13,21,9,16,19,15,25,33,62,64,24,25,19,8,24,22,26,69,13,2,33,14,23,22,25,54,20,24,24,21,26,58,11,36,112,152,18,18,21,25,32,43,10,52,45,16,39,50,73,63,45,67,13,43,15,28,33,19,36,21,13,24,12,14,15,20,13,13,35,83,11,40,12,30,34,60,22,23,67,22,16,56,57,69,58,34,12,25,26,22,17,18,22,59,15,13,37,68,91,39,35,30,29,28,18,92,24,35,24,70,42,20,118,48,17,15,49,15,64,141,54,22,36,54,19,9,102,15,27,10,38,65,60,8,91,30,37,28,21,30,73,19,89,13,43,54,26,37,22,20,24,15,52,17,23,15,23,48,59,38,17,22,35,37,31,34,22,20,48,22,13,41,41,21,60,16,62,18,70,66,39,32,16,37,13,23,26,25,78,60,13,31,59,16,20,22,42,38,13,38,73,21,30,17,27,17,56,31,73,27,23,38,29,49,12,12,78,29,23,30,17,11,16,32,16,54,8,14,51,19,18,17,6,29,31,12,70,79,19,47,53,1,25,29,20,18,14,41,16,11,44,26,16,13,9,13,40,16,32,27,21,13,20,22,20,9,20,12,10,24,34,20,36,36,13,48,50,12,34,27,23,22,107,22,83,15,23,68,107,27,31,27,90,29,11,27,31,54,13,21,11,13,22,35,27,33,35,28,13,16,17,36,87,12,19,17,21,20,29,9,36,55,48,15,16,6,20,46,27,46,119,57,22,63,37,17,38,102,9,14,14,9,51,17,25,18,26,32,50,44,34,8,16,18,30,134,59,21,17,19,24,60,42,18,28,30,39,61,26,38,24,37,39,21,34,3,23,12,14,24,26,20,13,31,68,23,12,71,61,16,14,59,14,11,53,21,38,71,102,58,31,22,26,23,28,43,54,59,75,40,30,18,45,41,28,30,31,68,25,69,401,609,63,32,19,20,234,67,35,40,26,25,162
A[T>A]G,24,95,76,20,21,12,12,77,14,15,23,26,12,24,96,11,39,8,28,23,22,39,29,27,58,98,65,20,90,5,99,11,23,32,8,42,40,25,39,52,22,51,20,13,31,152,14,18,19,7,30,18,37,42,65,86,23,39,23,7,12,8,30,100,7,3,44,13,24,14,15,41,26,45,16,25,15,69,18,56,134,203,16,21,27,22,22,30,13,52,54,11,31,60,92,68,40,104,8,48,18,19,18,21,27,22,5,48,14,13,19,16,13,15,13,96,12,35,22,31,31,65,12,22,19,28,17,60,44,90,71,34,16,27,25,14,22,15,32,48,24,36,36,85,29,47,43,23,26,40,11,153,14,58,15,75,54,14,187,52,13,13,64,12,83,167,80,12,17,69,27,23,111,17,48,14,45,73,88,6,75,28,40,36,14,27,95,16,147,21,65,42,23,44,15,10,28,26,45,12,45,28,18,40,99,69,12,21,19,49,28,22,22,14,41,31,18,53,37,28,67,20,81,27,109,99,45,23,21,62,12,22,45,30,107,55,11,42,73,27,19,34,42,40,10,75,102,30,30,22,24,20,78,23,76,27,20,28,18,84,12,8,59,25,19,24,17,9,16,38,6,80,21,9,65,13,19,21,5,22,53,32,95,133,8,51,72,0,26,36,15,24,12,52,26,19,74,24,15,14,12,10,59,20,18,29,11,18,23,25,26,11,21,9,16,17,19,14,26,31,17,37,33,21,26,29,42,19,40,25,107,20,21,71,108,34,29,16,128,17,9,28,27,100,9,10,9,22,16,38,16,32,56,21,18,23,9,32,113,13,17,14,25,44,30,15,28,74,35,20,14,17,16,64,34,76,175,69,16,69,48,8,29,109,12,17,15,10,39,12,45,30,25,30,47,31,31,18,25,18,21,197,70,23,19,14,26,95,56,23,54,42,51,61,11,36,25,18,29,23,31,4,33,14,10,20,22,13,16,30,81,16,15,83,62,20,8,67,14,17,19,36,43,100,165,71,22,21,23,36,29,45,55,72,74,29,23,21,79,36,33,18,43,55,21,98,259,100,67,22,21,20,63,88,29,27,29,34,52
A[T>A]T,37,170,117,42,34,17,25,101,35,35,33,39,18,28,177,26,67,28,42,44,22,88,38,39,87,109,93,32,171,24,168,25,47,28,16,61,70,61,89,60,45,78,33,25,51,213,29,39,40,10,61,23,63,55,104,126,79,50,21,21,34,26,45,149,14,12,42,24,48,29,27,71,37,52,37,40,13,113,26,130,198,357,28,43,73,23,42,91,24,59,69,20,43,85,116,106,80,132,28,87,12,38,35,41,43,18,24,57,26,43,36,20,28,24,35,144,19,60,34,47,104,87,49,31,166,28,29,86,84,129,103,63,37,47,28,56,30,36,53,119,52,50,38,97,234,77,73,23,39,63,34,239,34,65,45,114,75,36,231,76,28,15,88,14,224,218,109,18,68,70,30,37,188,30,53,23,83,179,120,10,152,54,76,34,30,32,197,40,192,25,84,125,37,45,31,21,54,32,93,21,76,43,29,64,138,83,19,60,38,82,89,33,60,32,89,81,16,71,81,36,99,30,89,32,121,167,92,35,59,84,16,26,72,44,195,101,10,60,112,30,34,47,42,98,17,108,120,41,47,26,48,20,100,47,127,60,25,72,47,103,24,20,376,35,65,25,34,43,24,47,18,124,19,24,71,30,47,26,9,32,108,28,133,172,29,108,103,1,50,43,39,27,32,62,51,30,83,33,17,24,18,27,93,27,55,75,22,18,22,45,53,15,43,21,31,32,43,25,47,45,25,54,83,38,24,52,48,28,699,42,188,37,48,130,179,64,95,18,174,27,16,34,71,115,13,32,21,35,29,34,36,72,80,29,31,46,26,48,127,19,18,50,16,49,53,38,44,100,55,29,29,10,23,84,45,120,267,174,44,129,58,22,48,181,28,25,27,18,102,21,61,25,50,47,78,88,47,12,30,44,64,301,96,41,30,25,41,128,60,32,66,41,78,99,38,81,37,56,26,33,40,20,43,19,23,30,65,7,24,51,93,20,26,110,130,37,19,109,23,26,152,62,87,136,189,76,49,52,45,50,38,100,79,127,161,50,38,58,108,39,43,41,41,163,22,146,2378,1975,136,27,51,40,283,152,118,92,48,50,581
A[T>C]A,72,259,143,63,79,22,45,181,35,31,59,56,40,46,294,31,97,27,58,77,56,113,57,66,121,154,177,37,241,22,150,48,70,64,31,81,120,69,117,118,66,103,73,34,62,295,26,58,73,17,101,24,90,82,82,181,70,61,52,20,60,42,77,233,42,22,63,32,43,32,42,64,53,138,53,75,38,171,39,193,281,289,33,39,81,57,77,99,31,90,196,19,78,140,163,163,114,201,31,81,42,42,59,47,90,39,35,80,40,35,38,51,56,42,59,170,22,81,45,102,155,154,51,46,494,55,39,185,87,182,97,92,61,57,66,95,41,40,59,120,53,80,62,128,269,117,77,53,70,101,47,254,33,113,46,149,173,50,254,114,49,36,144,32,269,271,172,48,80,114,75,60,178,47,88,33,115,198,171,23,152,87,129,80,42,49,276,66,237,66,143,167,47,76,46,29,62,59,93,54,142,67,32,84,185,133,24,82,82,106,100,64,104,36,84,98,46,112,111,49,116,39,180,64,204,286,132,56,64,135,28,45,98,90,218,93,13,94,200,45,26,65,83,117,54,171,164,57,89,40,75,57,121,62,115,51,45,62,39,112,41,18,630,82,43,58,49,58,36,65,28,190,41,14,136,40,68,35,7,53,131,66,176,318,41,183,160,3,76,86,62,38,26,76,67,18,123,65,25,51,32,41,138,44,53,105,36,31,42,64,107,36,84,17,33,49,64,46,82,71,53,107,130,36,71,65,70,51,787,52,158,57,88,214,178,134,83,52,259,65,49,77,85,154,28,54,28,45,35,74,37,76,114,36,51,91,26,80,158,43,32,76,41,60,63,40,103,157,103,33,61,34,34,126,140,189,437,211,65,177,77,34,37,213,26,24,29,28,89,38,68,46,59,76,94,98,84,32,35,49,69,283,164,58,53,44,51,189,132,47,102,82,99,122,40,83,50,45,61,47,92,31,84,35,33,39,56,28,49,90,157,44,68,156,140,58,30,141,28,22,191,97,154,176,348,85,79,57,58,66,83,133,144,226,126,70,50,40,201,49,70,83,52,183,53,271,2403,1728,147,57,72,53,444,195,116,82,57,87,758
A[T>C]C,24,162,97,16,32,9,16,64,10,11,13,19,16,17,155,12,31,15,11,29,17,41,19,16,60,89,85,12,96,6,68,15,29,25,14,26,33,25,30,48,28,31,21,15,22,148,10,22,14,15,29,10,42,37,56,99,16,25,20,5,13,11,39,102,15,3,31,7,13,12,15,28,27,37,13,21,8,66,13,82,126,133,9,14,23,10,17,40,8,37,66,7,23,62,87,69,62,107,10,30,13,22,20,12,20,9,10,29,12,10,18,12,18,13,23,49,8,41,25,36,39,75,19,11,140,18,14,127,40,105,52,28,15,25,10,21,18,11,35,35,12,27,24,68,99,44,38,14,26,39,12,128,12,57,9,49,57,15,137,34,10,15,60,9,92,117,84,12,21,62,18,17,124,20,52,9,33,69,98,9,85,26,51,23,16,13,122,19,71,26,74,67,14,31,14,10,20,12,38,15,45,24,7,28,47,56,10,35,32,49,35,23,36,17,25,28,17,55,40,15,60,13,75,15,77,105,51,18,29,60,11,14,34,29,149,40,10,30,109,14,7,19,23,53,13,68,60,16,25,15,26,16,71,22,60,31,15,31,12,56,11,6,217,30,30,11,17,30,16,29,15,76,16,9,82,15,29,15,1,19,44,17,108,179,12,69,86,1,31,25,24,20,8,39,29,11,69,18,12,15,19,10,69,20,21,39,12,11,9,17,53,9,22,11,6,23,21,11,39,25,23,44,30,15,26,32,22,9,312,23,64,9,19,105,91,54,21,18,122,22,12,20,29,78,5,6,8,15,17,32,12,18,52,10,17,25,12,26,141,9,11,19,12,22,26,17,25,72,44,12,23,7,13,49,34,87,188,83,12,66,19,13,20,165,11,10,7,8,34,16,28,16,13,25,45,35,28,12,9,17,26,163,90,24,14,18,23,113,65,14,38,50,28,74,15,26,21,14,31,9,30,10,30,14,7,12,20,11,9,32,45,17,18,72,62,18,16,70,8,7,52,56,42,86,153,58,36,21,26,43,30,65,68,76,45,33,10,28,67,29,26,27,16,115,11,121,703,584,54,13,21,17,138,91,51,30,15,35,274
A[T>C]G,52,214,114,22,40,15,20,106,22,24,30,29,26,42,188,25,53,23,30,42,46,51,31,36,96,123,92,19,163,10,85,22,38,46,15,51,74,63,51,96,41,39,40,22,42,228,17,38,59,13,47,25,58,41,65,126,38,33,35,15,41,24,45,114,22,8,27,18,33,28,24,32,42,93,33,43,35,107,26,123,202,257,25,16,58,20,51,60,21,70,98,14,51,86,93,96,65,154,37,52,30,29,37,29,43,26,24,58,11,20,24,26,22,25,42,119,24,53,24,67,63,109,45,18,408,43,26,113,73,129,69,57,30,41,36,38,38,33,47,70,34,48,30,81,251,94,71,30,34,85,31,206,26,79,29,111,91,38,182,68,33,22,86,20,184,156,121,26,40,73,39,37,124,29,46,18,52,71,111,18,98,50,115,57,22,26,194,30,140,42,94,94,29,52,38,10,40,31,63,24,81,29,18,58,138,102,21,50,40,64,50,27,74,23,47,59,25,56,72,39,84,32,113,38,131,159,69,42,62,121,19,38,82,52,169,85,9,52,137,29,26,37,44,75,23,111,114,21,47,36,44,29,93,41,104,46,38,50,9,93,31,8,570,53,44,30,34,26,36,58,20,138,23,13,113,19,41,32,10,34,66,22,107,241,26,86,93,0,35,68,24,22,18,69,47,26,99,45,32,35,18,22,90,33,38,66,19,20,29,50,79,30,32,27,34,24,29,23,72,43,27,88,53,33,26,44,41,34,1081,35,113,22,41,135,109,83,48,26,161,35,22,49,52,138,17,35,24,45,22,52,35,45,88,33,32,48,23,40,140,27,24,40,36,43,40,14,61,72,65,26,37,21,18,60,98,108,267,121,27,118,37,14,48,141,10,25,19,11,54,20,64,31,30,42,64,59,60,8,22,32,39,163,108,33,35,41,28,156,94,35,58,78,54,104,29,36,37,28,36,48,51,19,48,22,20,23,42,21,32,55,83,29,34,97,81,38,19,78,18,23,183,83,79,120,274,68,55,41,42,53,45,102,96,172,96,41,21,33,113,50,58,39,42,111,27,189,2724,1595,83,23,30,29,311,140,59,52,34,57,690
A[T>C]T,83,273,181,52,72,30,59,141,38,26,47,53,41,47,307,46,95,29,57,61,41,92,58,40,154,166,113,41,254,25,118,42,70,73,36,76,90,70,73,150,67,93,68,35,60,384,28,57,54,29,95,27,99,77,112,189,51,43,55,21,33,33,74,230,27,14,56,29,47,43,44,69,53,95,45,59,35,192,33,195,254,354,29,35,86,37,80,106,30,101,166,18,76,131,167,139,123,220,42,68,43,48,69,49,66,40,37,89,17,40,44,51,37,41,54,153,36,75,25,81,119,185,47,50,220,61,27,185,87,201,102,78,54,64,55,76,45,46,59,91,51,87,54,154,116,113,106,37,63,86,34,244,40,112,39,165,153,50,280,109,32,29,124,27,195,282,185,39,62,125,57,38,203,44,83,25,87,150,178,23,151,75,156,95,46,41,234,52,221,76,156,190,40,84,48,19,57,57,100,41,107,63,24,79,174,139,36,70,68,79,86,50,67,35,58,82,38,115,111,42,119,33,164,52,202,299,112,75,62,146,17,43,112,75,240,109,27,82,195,44,22,66,61,159,50,158,146,57,83,31,73,46,151,54,183,66,41,44,34,132,46,26,374,80,37,43,47,57,44,71,36,179,38,16,136,39,59,38,10,64,109,54,218,385,54,169,149,2,67,93,38,50,24,68,60,30,150,55,43,46,25,39,148,49,49,84,24,29,27,60,109,40,66,29,35,46,47,38,82,85,60,126,88,24,45,56,70,51,308,32,148,43,61,216,160,104,66,40,261,55,51,49,72,200,26,43,33,52,34,85,36,65,108,36,47,76,25,61,200,26,42,71,33,74,62,34,80,130,99,33,55,24,40,103,129,200,361,176,46,185,56,25,64,273,26,36,27,37,96,28,74,54,47,66,90,77,75,36,33,49,63,263,178,67,40,59,50,230,128,50,75,104,82,160,36,73,56,42,57,53,63,29,58,31,35,44,61,31,49,74,132,43,51,136,139,56,34,128,26,27,103,99,110,204,381,126,95,59,65,64,63,175,140,224,148,49,43,49,184,77,64,79,71,169,51,243,1007,790,147,46,43,45,240,203,129,87,55,75,351
A[T>G]A,19,91,63,10,17,6,5,38,10,18,12,18,10,6,81,13,18,5,9,9,11,28,18,12,30,41,53,6,56,3,49,9,22,21,4,16,31,7,66,28,15,41,17,5,13,91,6,4,16,3,25,5,29,43,24,58,18,13,10,5,14,5,15,61,5,3,13,3,11,6,5,20,17,13,12,14,6,33,8,58,92,139,6,11,18,4,12,29,4,47,51,3,24,31,45,31,49,79,9,35,6,10,7,9,15,4,6,16,10,19,12,8,11,12,9,63,6,16,9,18,44,59,14,6,13,11,4,56,19,65,30,14,8,9,6,8,9,14,17,17,11,14,13,37,6,28,25,10,17,26,11,74,6,40,7,34,63,10,87,35,8,5,40,3,51,115,72,7,10,38,13,6,78,8,22,6,41,77,56,6,51,27,28,13,6,6,79,20,59,13,33,61,7,15,8,2,6,14,26,16,22,14,13,16,47,37,6,13,15,25,30,15,21,9,14,14,8,34,26,15,24,13,49,14,77,64,41,10,16,53,3,10,30,20,81,30,4,22,90,20,7,13,28,33,9,30,40,16,19,8,21,9,31,5,33,19,5,15,6,26,12,7,81,15,20,7,5,18,5,32,5,59,5,7,49,13,16,8,0,16,79,9,50,138,12,54,47,0,19,14,6,10,7,28,17,5,41,12,3,8,6,8,62,7,20,40,5,10,3,15,15,8,11,3,7,13,13,8,17,12,14,13,18,11,19,18,23,12,30,19,49,8,16,81,58,19,33,13,93,9,7,10,60,43,3,7,4,14,3,16,4,12,20,4,5,26,5,12,55,5,6,24,4,19,16,6,16,49,28,9,10,4,3,28,35,61,164,49,8,30,14,7,15,80,14,9,2,7,46,7,26,8,41,17,28,27,22,6,9,4,11,89,46,11,12,8,13,63,37,7,25,20,29,38,7,12,21,15,16,8,18,4,29,5,8,11,14,6,14,27,36,17,10,55,42,6,2,42,5,6,15,21,47,50,89,20,29,11,12,23,12,30,54,50,36,29,7,11,51,10,17,8,14,77,3,72,129,58,29,10,5,9,62,51,81,18,13,16,27
A[T>G]C,5,39,12,13,5,2,5,12,2,3,4,8,3,6,35,2,6,0,5,6,5,16,4,8,11,31,24,3,25,3,15,4,14,7,5,16,10,11,22,18,10,16,10,4,9,42,4,6,4,4,12,1,12,11,15,24,9,5,5,9,5,6,10,41,2,3,6,0,5,8,6,5,5,18,5,3,3,17,7,17,33,39,2,3,7,5,6,13,8,11,18,1,6,14,29,21,24,27,5,16,6,6,7,4,12,6,4,15,1,5,7,5,4,8,14,25,2,10,3,8,22,28,11,3,17,9,1,29,9,30,5,9,4,11,5,12,4,8,5,16,6,9,7,7,12,14,18,6,12,13,5,32,3,15,2,24,26,6,30,10,3,3,10,3,16,42,22,5,4,17,7,3,25,6,13,4,18,21,19,7,23,10,12,5,6,4,41,5,29,9,23,92,6,8,6,4,4,7,12,4,22,13,3,12,13,18,3,9,8,14,16,3,10,3,4,10,7,18,15,8,12,7,24,3,22,19,15,8,11,23,2,4,13,6,38,11,1,7,32,10,0,9,16,17,7,32,18,3,12,5,9,4,11,5,16,8,2,9,7,17,4,4,70,10,14,7,5,7,1,6,6,40,9,2,13,8,6,4,0,4,10,5,37,53,0,29,28,0,6,7,5,7,2,9,6,2,11,8,6,6,1,3,22,3,8,11,4,3,6,8,10,4,12,2,4,5,4,3,10,8,3,6,12,0,13,10,7,4,31,8,17,5,14,40,39,21,9,7,36,6,6,6,12,17,1,0,5,1,10,4,1,9,14,2,2,12,2,10,39,5,1,5,4,7,5,3,4,26,11,10,6,3,3,26,9,26,81,20,7,19,6,3,9,30,8,3,2,1,17,6,7,3,8,7,7,11,12,2,3,8,6,37,21,5,6,8,6,23,12,7,9,8,11,16,6,9,5,7,7,5,12,2,6,1,3,10,11,3,3,19,16,7,9,11,27,4,6,14,3,4,7,7,16,19,49,26,11,4,8,4,8,11,27,27,24,14,4,5,22,10,10,6,7,41,4,31,116,69,13,7,7,4,32,30,25,17,2,11,31
A[T>G]G,13,147,64,8,14,6,6,42,6,8,9,8,9,6,102,7,18,7,8,17,10,21,19,7,63,71,64,5,53,1,40,5,10,13,2,25,23,9,14,56,8,17,14,6,6,148,3,6,12,4,16,6,43,9,45,88,12,14,9,0,14,4,36,100,5,1,20,2,6,3,4,17,18,10,4,13,5,24,5,41,106,104,5,6,19,7,11,15,1,47,74,4,23,40,62,48,50,91,6,16,7,3,9,16,8,11,2,25,6,5,14,6,5,6,15,82,8,20,6,14,24,61,7,8,25,8,5,72,27,87,19,11,5,7,11,14,12,11,25,19,19,22,7,53,7,29,47,10,7,33,11,123,6,65,7,37,22,11,118,59,7,4,52,3,32,82,73,9,13,64,20,7,88,10,29,4,20,29,74,5,74,12,57,17,6,2,104,14,74,12,52,51,7,17,8,6,14,8,23,4,18,4,4,15,40,49,4,16,9,22,13,14,14,7,10,17,3,50,18,10,55,11,55,9,100,64,38,7,13,64,3,8,52,9,102,37,0,11,62,7,6,16,6,43,11,42,62,13,22,5,20,4,46,8,69,19,5,12,3,48,12,6,55,13,6,2,7,8,5,20,2,83,9,15,45,7,22,7,0,6,42,8,102,113,10,64,76,0,10,12,8,7,5,25,5,4,64,7,4,3,7,5,62,7,7,24,1,4,3,9,16,5,10,7,2,6,6,9,34,15,14,22,18,8,12,9,29,7,32,16,60,10,10,41,72,20,16,6,95,10,11,12,18,84,4,6,4,9,8,30,4,16,34,7,8,13,11,5,101,7,4,16,5,30,6,4,11,55,41,9,3,3,0,30,24,74,162,46,6,44,18,7,18,93,6,1,8,2,10,4,26,6,13,10,39,18,13,4,14,16,5,131,74,18,11,3,15,64,46,5,28,34,19,64,4,19,12,13,9,14,5,5,26,6,2,8,12,6,4,18,35,6,10,56,35,5,0,52,14,5,7,13,21,70,116,46,17,8,12,40,15,37,73,57,38,5,12,8,59,10,13,8,10,73,6,116,92,53,42,9,11,7,28,71,36,22,8,19,39
A[T>G]T,27,116,60,14,17,10,8,34,10,8,13,7,10,12,95,10,19,8,12,18,10,32,15,10,36,59,97,9,79,5,57,8,10,21,4,26,48,30,25,34,17,30,15,5,12,90,12,14,4,7,24,4,37,21,20,54,16,14,9,16,15,10,15,65,9,4,24,8,11,9,11,9,17,19,9,16,8,39,5,69,80,111,5,16,24,13,25,26,10,40,45,9,22,29,56,44,64,81,6,20,9,10,19,13,17,6,5,13,9,10,22,11,12,9,20,70,6,31,15,17,31,47,20,12,34,14,9,58,22,77,29,14,12,18,19,12,16,11,34,43,17,14,14,53,23,51,32,12,11,32,10,114,9,39,7,43,68,18,90,49,5,5,41,5,96,76,54,9,24,41,19,10,95,23,24,3,33,51,46,4,49,22,46,24,6,7,102,23,62,10,50,783,8,21,10,13,19,19,43,3,28,16,8,14,119,29,9,22,18,36,25,14,29,7,20,29,3,29,35,18,35,13,55,14,55,58,47,15,24,65,7,15,34,18,92,26,5,26,92,20,6,15,19,35,17,56,46,18,11,11,16,7,45,15,29,26,7,22,10,52,10,15,140,21,12,11,14,9,8,35,3,78,16,11,69,8,18,16,5,8,57,9,58,113,16,39,50,0,23,18,22,17,6,24,13,6,45,17,3,6,8,6,57,9,9,25,5,7,12,13,29,6,19,3,14,13,15,7,29,13,17,22,21,13,13,13,25,11,85,10,44,11,12,94,56,39,27,9,105,9,16,12,37,49,5,7,4,12,11,27,10,11,29,7,11,21,11,19,67,5,4,20,7,24,14,7,10,73,41,7,6,3,8,41,62,56,198,40,15,46,10,6,23,69,4,9,11,6,35,11,28,7,14,11,26,32,34,8,16,18,11,88,73,29,11,11,4,57,39,12,24,32,22,35,9,19,13,14,6,16,15,4,30,8,8,11,18,2,12,33,44,11,8,52,128,15,3,66,12,16,25,32,40,47,116,39,24,22,19,30,10,34,63,81,101,9,10,21,58,18,15,14,19,105,10,72,272,136,36,14,18,19,72,88,48,21,20,27,71
C[C>A]A,47,272,156,38,57,40,40,160,25,24,27,29,20,30,221,24,122,21,20,36,19,70,65,30,101,166,117,38,161,15,163,15,61,48,13,81,78,65,61,78,44,65,36,53,41,300,17,38,32,15,47,14,57,66,122,206,94,57,16,23,23,20,69,194,24,11,44,17,26,26,15,49,36,59,41,40,19,90,17,177,267,372,13,33,43,17,24,85,12,87,102,13,38,128,152,173,139,219,5,71,19,24,41,30,30,19,13,77,27,16,67,21,35,21,22,194,20,57,27,39,114,129,40,20,50,22,15,110,75,198,117,48,27,30,26,31,23,28,49,133,38,32,30,181,69,103,115,18,53,40,22,302,16,106,36,131,64,38,313,135,17,25,115,9,222,343,158,25,63,126,48,28,272,32,101,16,53,150,167,20,254,76,115,76,20,29,254,44,222,29,130,73,35,63,25,19,60,34,75,17,42,28,44,85,160,127,13,94,41,101,79,41,51,21,101,28,18,110,70,49,96,38,169,33,211,173,94,29,78,126,16,26,105,66,302,107,15,32,191,36,23,47,33,85,28,127,156,35,68,19,38,18,100,18,166,67,12,45,55,129,18,15,73,34,39,20,23,35,19,55,15,159,13,22,123,31,33,23,4,15,125,35,223,231,32,144,152,1,109,41,38,23,24,73,36,10,176,29,27,21,21,13,117,23,76,72,22,17,26,33,75,20,40,19,27,24,48,12,53,39,29,79,56,53,17,65,46,17,258,34,157,32,41,97,189,60,55,17,242,13,23,24,64,179,23,23,13,15,24,64,23,128,112,28,19,50,12,56,248,14,28,44,23,67,44,33,44,115,95,33,22,14,32,73,52,159,270,157,29,157,110,22,50,262,21,19,17,11,93,30,83,32,48,31,94,202,45,20,32,31,38,372,166,51,10,38,36,235,82,28,106,79,71,143,18,64,43,52,15,32,19,7,58,15,21,25,44,14,16,71,115,31,38,160,132,32,15,173,20,22,122,42,75,186,299,144,78,31,44,78,31,138,101,108,203,30,32,43,147,34,32,42,42,101,33,242,1071,374,303,92,70,52,191,251,97,103,79,81,548
C[C>A]C,32,253,141,29,40,21,16,159,23,10,20,17,14,14,186,15,68,10,23,31,21,56,33,26,68,166,114,20,155,10,161,10,27,17,12,68,64,40,48,71,28,55,29,18,31,286,12,17,17,11,35,9,73,54,113,198,49,29,11,7,16,12,65,164,8,7,38,8,23,13,17,52,28,59,29,13,17,89,12,98,264,337,12,25,28,18,24,59,11,92,91,7,27,107,159,164,106,159,11,51,9,22,31,17,30,12,10,62,14,19,41,13,13,5,20,152,20,44,19,14,66,103,26,20,73,18,10,95,68,155,114,24,23,17,15,20,24,16,41,63,37,24,22,165,144,101,90,31,33,39,17,282,13,81,20,128,47,30,285,95,18,6,126,11,130,318,130,9,43,125,43,21,211,27,90,8,39,108,160,9,191,39,96,41,12,12,220,33,184,19,141,58,28,61,18,18,34,22,64,11,37,15,21,51,92,114,10,47,27,96,49,21,39,15,45,11,25,106,71,20,104,37,123,27,183,136,71,24,36,127,12,16,84,42,248,116,6,23,156,28,25,38,40,112,18,112,142,34,42,23,30,10,88,25,131,60,13,24,44,120,12,9,81,27,36,9,21,28,12,45,8,150,11,23,101,18,30,15,5,24,82,20,210,175,20,137,138,1,39,21,21,15,15,83,32,16,120,34,14,9,13,9,95,13,25,52,11,6,12,22,48,8,19,6,15,13,31,17,43,36,26,104,40,15,23,46,54,18,451,36,154,23,32,85,178,65,36,10,223,12,19,19,46,176,7,9,7,17,18,82,17,74,101,14,10,36,15,30,191,19,15,29,11,54,48,15,38,129,80,19,11,3,13,92,51,143,173,96,23,140,77,19,47,242,9,6,13,12,62,19,63,12,33,35,98,78,32,13,31,22,36,396,158,42,19,19,39,150,88,13,77,77,43,131,12,45,22,42,22,18,25,21,26,5,22,21,31,8,13,33,113,29,25,137,110,24,8,138,21,9,117,40,57,143,254,110,41,28,26,58,25,71,94,90,124,24,24,29,141,33,31,27,39,74,20,198,1698,1089,179,49,29,23,213,184,66,48,44,46,843
C[C>A]G,9,41,32,3,4,7,4,14,4,3,2,3,0,5,33,4,18,2,13,16,13,8,10,9,9,37,23,4,34,1,16,4,11,4,3,11,24,7,8,8,10,8,3,6,10,48,6,7,11,4,9,3,13,7,19,33,26,13,4,2,5,0,7,31,5,1,6,4,10,3,5,11,6,24,4,1,2,24,2,22,48,65,2,7,11,3,6,22,3,13,21,0,7,18,19,29,18,31,4,4,2,3,15,6,2,5,3,14,3,3,6,1,4,3,3,23,5,9,8,10,21,29,6,8,31,7,4,19,7,26,17,10,4,8,2,7,9,5,12,28,5,7,8,25,39,18,16,6,7,10,7,63,2,20,11,15,14,3,43,14,3,4,16,1,29,48,25,1,11,24,6,7,46,8,8,3,10,33,27,3,23,12,15,10,7,6,66,5,22,9,36,10,6,9,5,6,13,11,16,3,16,7,4,9,23,11,4,13,5,20,11,8,18,5,23,5,2,15,14,9,24,4,26,7,32,26,21,10,5,28,6,4,16,9,47,20,1,4,34,7,9,6,6,11,6,19,28,5,13,4,4,3,23,6,35,9,5,5,5,33,5,4,34,14,5,3,1,3,4,10,5,31,3,2,16,6,14,2,2,7,17,2,32,33,12,22,18,0,13,14,4,1,4,13,5,3,18,5,3,3,4,4,20,7,5,14,5,4,3,9,24,2,4,2,4,9,5,5,11,4,3,21,12,9,4,8,7,4,130,9,16,5,7,16,36,16,7,3,31,6,5,6,8,20,2,5,4,6,5,6,5,18,22,4,1,4,2,12,24,6,3,7,5,15,2,3,9,17,17,2,3,0,3,27,14,15,53,23,4,30,4,6,10,49,0,5,6,2,16,3,19,4,10,7,12,32,10,4,9,10,11,54,16,13,4,3,3,26,16,3,9,16,5,23,8,11,7,6,4,3,14,3,7,4,5,8,5,1,5,13,18,13,13,17,16,5,6,28,10,3,24,10,16,16,31,15,10,11,8,8,5,27,15,23,37,10,5,9,25,2,8,8,5,29,1,30,437,194,36,16,8,8,67,52,11,14,7,6,143
C[C>A]T,42,270,160,27,41,27,17,150,24,28,17,27,20,10,220,15,91,12,26,29,22,80,65,23,72,156,130,30,196,8,189,11,49,25,9,56,56,46,43,61,51,52,26,30,37,296,20,26,22,4,57,12,68,57,104,180,56,43,18,8,29,16,68,201,17,9,50,7,19,14,17,48,29,42,42,24,17,115,18,199,235,378,13,15,41,19,20,97,7,90,112,10,49,95,151,137,88,193,4,54,13,25,29,22,16,14,7,70,15,17,44,11,17,14,25,158,14,43,29,23,107,118,36,21,154,17,13,110,81,189,107,45,18,12,23,22,15,18,46,106,18,29,21,168,402,92,88,22,44,42,15,267,14,97,34,111,47,32,317,95,19,19,111,11,225,310,103,9,50,135,45,30,261,22,60,8,48,226,190,14,262,73,116,43,12,15,262,29,201,40,125,57,29,74,16,7,52,27,87,10,50,22,24,65,104,110,10,77,21,83,60,36,49,17,123,22,17,104,50,32,71,29,139,19,156,148,70,33,44,109,15,15,100,43,316,97,11,23,124,28,25,44,31,105,24,92,182,43,50,13,25,14,104,18,177,64,14,45,44,101,20,13,151,26,39,14,12,19,13,35,23,133,11,19,119,23,41,16,9,19,84,23,201,207,23,151,128,2,70,30,30,16,25,83,44,12,134,11,17,28,15,9,126,15,47,55,15,16,22,22,61,7,43,11,25,20,36,8,51,27,29,108,66,26,15,51,51,19,1078,50,156,19,44,97,205,51,32,14,228,25,26,23,40,220,13,19,11,17,22,49,12,66,106,11,16,41,20,71,214,13,12,37,17,59,56,27,43,146,80,13,28,6,18,86,53,173,242,137,16,167,71,17,51,264,12,16,14,8,70,21,75,25,36,26,96,133,38,8,22,28,40,437,145,32,18,23,34,156,78,23,84,77,59,129,18,84,44,64,21,23,17,14,50,6,15,25,55,8,15,66,102,19,22,154,137,25,19,119,31,20,362,46,63,153,241,113,62,27,33,76,35,117,120,116,179,33,16,49,137,30,34,22,38,101,22,231,4687,2238,196,56,48,35,442,220,65,85,49,45,2493
C[C>G]A,17,188,99,16,30,10,21,81,9,13,5,14,10,8,180,8,13,11,17,17,9,34,17,17,76,126,136,10,109,6,47,6,7,18,5,42,33,18,28,59,24,33,12,4,13,212,4,17,21,5,15,3,66,15,75,109,14,50,10,13,14,6,41,107,6,5,26,9,9,7,10,17,24,30,14,14,9,63,4,57,137,168,6,14,25,7,19,19,7,70,105,8,21,52,66,83,90,130,6,27,6,8,19,11,13,6,5,22,12,5,17,7,8,9,7,100,6,36,17,14,37,119,12,13,21,9,1,99,46,119,59,15,10,14,12,18,15,11,37,38,22,16,9,57,7,83,76,6,12,36,13,212,7,73,11,61,46,10,155,53,8,5,84,5,55,143,110,8,16,66,23,15,116,15,42,5,38,61,86,12,130,30,91,29,7,5,224,17,116,26,86,78,23,36,15,2,12,10,90,7,41,13,9,30,56,70,7,21,11,43,25,17,28,10,14,14,14,55,49,18,79,11,105,19,116,97,54,9,21,128,8,8,52,29,183,61,2,13,175,30,8,18,16,96,8,67,114,19,17,12,20,6,62,12,80,30,5,13,22,84,7,10,19,21,10,6,4,5,9,35,7,152,13,11,87,5,31,16,0,8,32,20,131,200,15,90,121,1,26,10,8,13,5,42,15,7,116,10,7,10,38,13,122,5,7,44,9,14,3,7,31,8,32,6,7,10,10,12,47,22,33,63,9,56,9,19,54,15,12,17,83,37,12,66,114,67,20,13,196,5,8,9,46,110,3,5,7,15,7,50,11,25,105,3,5,11,7,25,133,7,6,63,8,54,11,3,28,99,67,2,9,4,30,51,51,151,198,75,8,67,15,8,36,164,6,6,5,2,23,36,54,12,16,13,50,55,25,8,12,13,13,147,120,21,8,7,17,131,97,5,57,62,35,92,5,34,36,10,11,18,9,6,27,5,3,14,28,6,9,23,86,9,5,102,49,13,8,73,23,3,35,39,40,96,220,47,12,5,16,39,15,37,105,101,48,15,10,20,91,13,45,8,13,59,12,218,47,19,277,181,53,57,157,244,194,97,115,117,99
C[C>G]C,15,178,79,18,21,6,13,82,11,6,9,9,8,5,174,9,24,5,9,22,9,18,15,18,60,97,134,7,82,5,36,7,17,16,8,35,43,21,16,46,16,28,9,5,12,162,8,9,16,5,10,9,52,18,68,92,19,14,7,5,11,7,35,83,10,1,26,9,14,10,7,8,14,34,10,19,9,64,6,47,136,142,8,10,33,10,15,15,8,54,82,10,26,48,88,79,82,129,5,18,5,7,16,14,15,7,7,23,6,7,13,5,13,10,16,87,9,17,14,13,26,89,14,14,22,12,10,82,47,127,45,14,15,11,16,9,10,16,23,30,15,16,16,58,9,64,63,12,11,39,9,172,9,65,9,70,38,12,128,57,5,1,72,5,53,115,99,4,24,53,26,15,101,19,38,5,26,48,78,8,95,23,66,22,10,11,171,18,95,17,90,40,14,31,11,3,17,12,33,9,31,12,10,37,56,60,11,20,8,44,21,10,29,11,15,12,6,57,37,15,77,20,92,22,120,89,34,23,20,95,7,4,54,25,148,60,7,17,132,14,4,20,14,86,14,46,79,15,18,11,20,7,57,16,77,27,9,12,12,51,7,7,20,17,15,4,7,6,5,36,5,142,9,14,83,7,29,16,0,15,32,8,139,153,25,76,63,0,21,17,14,10,9,41,13,6,78,16,7,8,8,6,75,9,7,31,3,2,8,13,20,6,20,8,8,9,13,10,33,14,20,53,22,23,13,14,34,15,11,19,73,15,10,54,104,55,20,11,158,6,12,18,29,93,6,8,3,8,9,53,4,19,67,10,8,16,8,22,102,5,4,22,8,28,18,6,16,68,46,5,7,8,11,33,44,92,163,42,17,77,22,7,25,146,11,6,14,12,26,15,53,10,13,22,49,41,17,5,9,10,13,152,81,25,9,7,22,113,73,8,43,48,26,62,11,26,16,17,13,10,14,11,28,11,8,11,22,5,7,15,67,4,11,70,40,10,5,63,16,6,10,28,44,92,176,59,23,11,10,36,21,29,101,68,52,7,13,13,71,11,24,11,18,36,5,170,38,29,90,32,15,17,50,125,60,28,29,35,54
C[C>G]G,10,77,39,7,14,1,3,19,4,12,5,4,5,2,69,2,17,3,2,17,5,3,11,6,24,83,32,2,55,2,14,5,3,5,2,14,21,3,10,28,5,14,8,2,8,42,3,5,15,3,11,0,22,4,13,39,10,11,6,6,9,3,10,34,6,3,4,3,8,5,11,9,4,34,3,9,4,15,1,9,66,77,5,16,10,3,12,8,8,17,28,3,13,14,25,22,33,42,6,7,7,0,9,8,3,8,3,8,5,6,5,2,7,9,5,27,3,15,4,18,15,25,17,6,21,6,5,43,8,49,12,3,26,7,5,15,8,5,12,16,6,6,5,18,3,24,20,7,5,34,2,72,4,18,3,17,57,6,49,20,2,3,42,1,28,50,51,3,13,27,3,4,75,20,12,3,9,19,36,5,25,10,37,19,1,4,95,9,18,9,49,11,9,16,6,3,7,4,18,1,16,0,5,14,40,13,2,14,4,9,8,3,28,4,6,15,6,27,30,14,31,16,43,6,65,56,24,6,19,42,5,5,20,6,95,21,2,10,47,9,6,6,11,15,3,38,50,3,4,6,4,6,32,3,43,6,5,8,8,37,12,7,11,11,9,5,3,5,3,11,1,64,3,5,33,3,21,13,0,6,12,1,54,43,23,41,48,2,6,6,6,5,5,10,4,0,33,4,8,2,5,2,34,5,6,17,2,0,4,5,20,5,10,4,9,3,6,7,13,5,10,15,9,5,11,8,15,7,12,9,20,9,5,28,27,34,8,2,60,8,2,9,8,32,0,2,3,10,6,18,9,16,26,7,8,15,6,7,37,5,7,11,0,16,4,5,5,30,19,4,5,2,4,22,39,39,170,23,7,60,4,3,19,43,3,2,4,0,11,8,22,7,5,4,15,46,9,2,4,13,4,86,37,19,3,3,9,37,39,4,20,32,19,50,2,4,7,5,8,14,1,1,6,1,3,10,6,4,4,9,15,13,23,31,24,6,1,31,14,2,2,6,22,24,64,26,6,10,10,10,15,27,35,52,17,10,6,10,20,9,11,7,9,21,0,57,21,26,68,16,7,1,16,56,29,27,8,14,13
C[C>G]T,21,288,118,27,47,21,25,99,9,12,15,15,16,14,264,11,36,9,13,23,13,38,31,23,104,150,172,10,147,15,50,13,16,14,11,50,66,30,29,79,33,44,15,9,18,264,13,15,31,12,19,10,79,19,74,163,24,66,15,3,24,7,51,128,6,5,42,7,13,8,12,25,29,33,16,26,12,96,14,57,195,231,5,13,38,8,23,37,11,94,128,9,31,72,138,95,125,223,11,42,12,20,22,18,26,11,8,29,13,7,36,10,14,9,27,148,14,56,26,19,50,166,17,23,28,9,8,119,44,237,70,19,14,18,25,25,27,8,56,38,35,25,18,96,7,83,79,12,25,61,14,314,11,121,15,105,68,20,196,99,8,8,100,6,72,205,155,9,29,92,30,15,176,26,51,12,52,91,119,4,171,41,125,41,9,14,348,24,147,25,79,97,19,49,15,7,30,16,94,9,53,18,13,36,89,87,15,29,15,63,30,25,30,17,22,26,9,75,65,28,116,25,133,24,178,176,58,23,23,200,8,13,94,34,222,82,5,21,233,42,11,31,22,133,14,92,112,19,23,10,14,3,94,17,111,45,12,20,25,103,16,2,26,27,18,9,22,3,10,58,4,220,12,9,134,19,33,22,4,13,52,20,187,230,21,81,148,1,26,12,15,26,18,76,23,9,159,19,12,10,44,11,166,17,9,61,12,8,7,10,33,10,34,5,15,7,20,12,56,25,37,82,27,68,15,41,62,21,22,21,122,41,17,111,140,105,21,15,279,18,14,18,70,139,8,11,6,17,6,61,14,21,140,13,19,24,10,25,131,9,9,83,7,98,16,4,29,144,61,5,10,6,33,53,56,203,331,104,10,101,19,17,53,244,14,11,10,6,48,47,68,16,27,15,69,70,30,10,14,21,13,223,189,28,14,10,15,173,116,11,84,83,47,127,14,50,42,23,19,19,17,10,44,8,13,19,24,7,14,14,106,14,14,160,69,14,5,130,35,14,31,51,55,156,317,99,28,14,26,64,22,55,140,159,72,14,12,26,122,23,52,13,20,64,13,311,65,23,339,194,93,70,198,306,209,149,136,131,159
C[C>T]A,58,217,105,55,47,38,78,156,28,33,63,53,22,42,165,56,92,24,41,67,49,91,66,42,44,128,705,35,255,20,112,28,75,53,29,73,135,66,94,83,102,70,81,41,66,189,32,44,52,25,76,36,75,83,103,130,89,129,40,20,58,43,53,219,45,11,42,24,52,47,32,57,33,74,44,65,37,192,34,149,150,221,26,28,62,43,43,130,24,68,114,18,76,117,127,125,99,139,19,96,28,42,60,57,58,28,27,93,31,36,64,42,56,45,46,148,29,169,51,68,95,129,49,62,82,39,29,109,69,156,70,57,42,68,66,69,39,45,59,125,49,62,32,94,92,102,64,45,54,70,27,227,31,74,32,134,88,49,179,87,34,34,85,23,167,267,97,36,74,79,48,33,121,45,90,23,78,200,130,29,212,111,82,79,30,23,264,37,171,43,112,171,40,63,52,21,40,56,125,34,55,36,26,106,123,79,26,54,44,59,104,62,72,20,58,59,48,61,70,60,79,29,98,53,107,164,115,42,74,114,36,41,62,55,139,87,9,57,175,62,37,58,51,119,37,116,98,67,66,60,52,43,80,66,89,29,27,51,53,90,29,10,87,80,54,28,37,31,31,87,22,132,29,10,111,30,52,52,14,39,58,60,137,122,33,91,115,1,69,50,49,71,22,64,67,21,172,41,32,30,95,43,68,37,51,70,40,34,24,59,96,22,46,26,44,46,51,31,60,58,61,101,78,99,49,93,31,52,263,57,156,125,97,221,158,111,54,40,263,35,31,50,155,94,25,34,18,42,39,83,36,100,111,42,28,64,28,76,101,32,31,128,18,104,61,47,74,115,89,47,35,16,135,120,93,140,400,159,39,121,88,38,98,161,40,26,26,15,112,89,59,38,34,64,98,265,78,22,25,50,59,217,152,44,44,39,50,126,74,50,99,88,99,92,39,116,74,40,37,56,60,17,63,30,43,31,67,16,46,107,119,39,50,84,123,44,18,118,24,28,76,118,91,150,202,84,53,43,74,48,91,118,81,120,160,49,37,56,135,47,64,65,39,69,51,164,874,773,900,645,215,412,427,331,245,426,580,290,826
C[C>T]C,42,167,96,52,48,20,42,107,30,33,42,37,26,45,114,42,73,24,49,49,38,87,59,42,45,92,647,23,135,17,89,37,61,42,28,64,106,67,73,66,48,59,59,30,70,155,31,39,46,23,67,43,69,75,70,97,78,49,22,11,38,30,48,126,37,7,17,21,42,43,17,59,41,88,40,38,34,120,33,105,124,204,38,34,64,44,44,110,27,38,82,19,69,100,116,89,71,104,22,80,33,35,61,45,60,26,20,65,32,34,45,40,37,30,47,113,33,119,36,46,86,81,40,36,73,47,34,62,77,87,79,74,29,64,43,45,39,46,34,103,39,40,41,60,151,95,40,34,67,50,22,187,38,75,27,106,74,64,170,60,28,21,55,14,111,175,84,42,61,40,21,28,96,37,53,10,65,131,91,36,121,73,68,56,34,40,165,39,142,36,101,123,33,72,55,28,54,42,79,29,65,32,18,102,83,73,35,28,56,68,65,44,50,42,70,48,32,52,47,68,58,36,90,34,84,129,74,39,55,71,31,43,52,57,106,76,17,28,112,32,33,69,48,67,25,94,82,43,48,53,59,36,71,33,66,32,33,55,45,79,31,11,113,80,41,39,22,52,31,68,30,106,20,6,71,23,36,25,12,35,49,42,103,103,25,74,68,2,60,45,45,48,28,45,45,24,102,35,37,29,45,25,61,31,34,59,40,26,32,60,100,15,35,18,41,39,46,48,33,66,31,67,74,34,53,63,26,38,338,42,119,47,65,109,138,82,37,54,151,41,26,49,63,105,24,41,19,30,28,46,32,72,62,28,19,51,15,65,85,35,30,62,27,48,39,49,51,70,63,45,39,17,85,80,78,97,246,123,50,103,56,26,45,121,25,20,18,10,83,27,47,38,35,70,73,137,86,28,16,32,75,183,88,56,33,54,41,96,73,50,83,66,58,114,34,61,42,48,36,41,60,18,54,20,26,19,34,31,49,73,102,36,30,78,79,45,27,85,20,23,74,78,67,114,133,67,59,50,53,36,57,90,64,88,142,46,33,44,108,45,44,54,58,51,43,118,932,984,286,138,71,100,209,146,94,143,144,79,543
C[C>T]G,140,173,145,94,94,61,90,69,65,72,100,81,49,62,211,63,173,28,88,160,68,117,108,100,66,113,174,61,301,41,139,61,109,114,45,82,190,109,169,105,142,109,104,72,159,200,73,79,68,47,163,48,93,152,95,122,206,119,59,29,56,58,97,123,75,22,27,72,80,85,53,109,64,145,61,129,119,271,103,113,120,258,48,48,116,105,106,152,49,53,115,51,175,89,86,84,80,139,32,145,61,99,144,97,80,75,35,176,32,47,90,63,102,40,73,122,52,155,66,289,224,118,82,94,246,68,63,119,73,111,115,222,58,100,93,82,104,90,89,173,59,140,82,80,348,72,54,113,114,89,47,222,38,63,65,152,99,92,199,83,34,63,98,27,171,166,117,55,97,64,41,78,110,55,64,38,134,323,106,44,100,179,116,163,48,57,190,33,93,80,157,155,71,71,102,45,98,80,154,50,94,85,56,122,117,72,73,88,96,69,160,135,132,61,173,60,58,72,82,75,61,67,109,115,109,163,118,98,111,138,39,64,74,91,147,77,31,51,134,25,65,92,107,84,47,182,106,120,147,106,135,58,102,111,75,31,43,77,123,103,104,16,156,118,126,64,68,147,36,144,56,125,86,8,83,87,103,51,14,79,67,83,146,146,64,105,88,7,107,130,52,102,54,57,126,48,99,83,53,39,62,65,89,90,141,121,74,60,73,90,294,43,82,32,84,72,94,73,56,70,70,92,180,42,66,156,68,91,1112,155,111,85,133,143,142,183,53,85,193,68,48,95,101,167,53,41,36,33,83,75,68,121,88,76,66,100,46,209,109,43,56,139,61,61,106,82,94,111,88,82,68,37,103,140,154,108,354,238,93,149,111,58,65,155,55,41,67,59,166,70,51,65,83,110,62,278,105,43,44,63,126,168,128,102,73,62,93,126,74,105,67,88,191,109,83,82,73,64,56,66,86,45,74,51,73,55,79,42,76,119,98,83,127,69,122,94,57,106,19,71,91,138,148,124,171,89,110,105,105,47,136,293,100,175,300,63,147,106,89,198,95,112,128,108,85,127,1735,5291,346,236,115,119,238,240,163,248,240,153,1266
C[C>T]T,47,242,169,59,62,43,69,143,28,38,53,55,41,40,218,55,97,30,40,64,53,95,75,39,92,146,346,36,217,20,185,40,71,60,29,77,101,57,77,118,73,73,74,38,68,338,26,57,52,32,94,40,107,60,167,167,61,95,50,21,61,35,91,221,45,12,44,25,53,56,20,70,41,81,43,57,41,203,38,134,266,340,28,32,70,43,41,121,25,70,153,29,75,125,162,166,112,206,21,77,37,49,60,49,67,37,45,93,46,46,51,41,60,28,52,180,31,148,50,84,94,146,60,54,90,49,37,129,104,175,126,66,49,68,48,57,48,52,58,126,28,49,43,149,100,112,74,54,56,90,32,290,31,124,36,147,85,70,295,130,31,32,130,19,186,374,152,34,62,99,36,31,213,42,104,20,62,240,189,21,271,116,114,78,35,43,280,23,223,43,123,132,51,88,43,27,52,46,94,31,75,38,30,96,127,116,25,81,70,91,108,62,65,35,75,78,49,125,73,44,99,38,132,38,164,216,91,43,84,111,38,44,100,69,278,109,14,60,200,47,32,71,53,156,52,134,146,67,90,58,61,36,108,42,127,59,28,52,65,134,29,18,118,74,56,36,45,54,38,64,29,169,25,14,135,34,68,44,17,49,66,49,231,176,33,126,130,6,64,63,46,57,32,92,49,32,189,41,25,23,70,28,126,37,41,94,35,27,30,60,108,37,63,21,48,49,48,34,68,84,54,102,111,53,55,88,66,61,321,78,170,85,68,155,219,88,64,56,261,42,44,59,117,200,31,59,20,50,36,96,35,110,115,32,33,57,30,87,210,36,31,93,34,83,55,43,70,155,92,46,37,19,105,118,79,220,394,178,52,165,90,29,78,275,34,32,26,20,133,51,72,39,52,65,121,185,71,21,14,33,67,368,165,58,50,56,64,205,83,49,113,101,68,141,41,87,74,52,39,49,58,34,56,29,37,39,52,22,61,79,146,36,44,170,119,53,29,115,25,34,79,101,97,162,287,118,68,59,65,88,89,128,127,108,144,51,54,46,152,75,62,76,53,100,48,279,983,815,467,330,138,224,270,272,133,242,274,186,684
C[T>A]A,12,112,58,22,13,3,6,60,4,7,15,6,9,10,123,7,20,10,8,14,9,21,16,11,36,71,51,3,63,3,85,6,6,8,8,29,26,18,29,26,16,34,13,2,14,162,5,7,10,2,32,4,31,17,43,71,16,15,8,3,17,2,33,95,4,0,21,4,9,6,4,13,16,17,11,6,7,48,5,46,101,194,4,9,15,4,10,23,3,44,57,4,17,54,68,82,32,102,3,25,10,3,12,4,6,0,0,21,6,10,7,9,6,6,9,78,4,28,8,12,18,61,8,2,22,8,2,64,28,108,40,12,5,10,8,11,3,8,26,34,13,18,8,50,15,30,54,9,14,31,4,108,11,55,3,75,28,17,165,43,5,9,56,6,67,135,61,11,15,72,26,8,85,12,36,4,21,56,85,4,78,18,50,21,7,5,89,12,96,13,48,39,19,22,7,4,10,5,31,5,17,13,3,26,63,64,4,17,9,29,14,15,16,5,11,5,6,43,21,7,46,11,46,12,103,78,23,11,16,57,4,7,42,14,131,39,3,24,89,23,8,12,11,50,10,47,83,15,11,6,20,14,44,10,76,25,7,11,7,85,7,8,33,13,15,9,10,8,5,10,2,68,10,12,55,6,17,10,1,9,46,14,88,115,9,59,72,0,13,16,21,9,4,40,8,6,55,16,3,3,3,2,73,4,7,16,6,6,2,9,19,3,20,4,13,9,4,4,28,6,14,29,17,10,16,14,21,6,13,22,77,13,7,43,96,22,16,3,116,10,7,11,16,80,9,7,3,10,4,28,6,16,49,5,7,16,8,12,96,6,3,13,7,23,13,8,22,77,41,11,5,0,6,38,26,61,161,48,3,60,37,5,16,126,7,8,7,0,27,10,42,8,22,10,36,14,11,7,13,11,7,200,73,20,3,7,15,68,40,9,30,35,21,56,9,26,10,15,10,15,9,5,17,4,4,5,20,2,8,12,38,6,5,82,37,11,4,61,9,5,9,18,34,90,125,58,15,11,16,39,10,28,56,56,48,13,11,8,74,7,14,3,24,114,7,117,175,41,48,20,12,9,39,65,32,24,8,20,32
C[T>A]C,13,148,91,20,21,8,11,90,12,5,9,16,10,7,124,13,29,6,12,22,10,35,22,24,55,113,66,13,98,6,65,12,18,9,10,48,29,30,25,49,13,30,16,2,15,208,10,13,14,8,17,3,32,24,62,104,20,11,10,8,20,2,44,155,8,3,46,6,12,13,21,28,16,33,12,18,8,54,7,50,157,227,5,12,15,12,31,13,13,59,69,5,29,60,90,84,58,122,6,28,10,16,13,9,20,6,7,26,7,7,16,4,11,3,17,106,8,32,12,17,29,81,13,13,28,11,5,73,42,102,83,16,11,11,22,11,10,5,26,35,14,17,13,98,28,52,59,10,16,18,13,217,5,74,10,75,50,18,186,53,13,2,81,7,53,221,83,14,31,84,24,14,148,6,40,9,31,52,105,5,146,22,55,18,8,15,115,12,126,16,63,111,19,48,11,2,23,10,48,8,30,14,8,44,87,69,10,21,14,65,31,18,26,7,21,21,4,81,45,18,82,23,82,12,136,73,41,15,23,79,5,19,52,23,181,53,5,26,104,26,14,23,18,66,9,43,109,18,27,8,21,7,58,13,102,42,17,19,15,89,5,10,54,15,23,11,11,10,13,23,6,96,12,25,62,3,15,11,2,18,37,14,138,101,11,92,73,0,17,20,15,15,9,59,26,11,95,20,7,8,7,8,76,11,13,31,7,12,10,25,19,7,18,6,16,16,23,10,36,23,14,56,33,6,13,15,25,21,76,22,93,12,22,68,128,35,17,7,159,12,10,8,36,121,7,4,8,10,10,44,19,24,61,15,6,9,11,15,128,13,6,15,6,49,14,11,19,93,43,6,6,5,12,47,29,71,188,45,8,106,43,13,26,169,7,12,10,3,26,6,45,10,16,29,49,23,24,9,11,10,14,251,100,23,9,14,11,95,56,15,54,54,20,96,7,38,12,17,18,15,19,3,22,3,8,12,25,5,10,15,63,11,14,97,88,14,6,91,18,5,17,28,25,103,137,78,19,10,21,49,18,42,65,70,97,21,12,15,77,18,26,7,19,77,13,130,296,188,71,15,13,14,76,83,34,22,15,17,89
C[T>A]G,15,128,82,29,29,10,12,95,14,9,14,20,11,18,142,6,27,14,15,28,14,40,22,15,58,115,84,13,84,2,105,9,16,21,8,49,45,14,42,69,14,34,12,12,18,208,12,20,14,9,24,9,55,39,53,117,19,22,7,7,19,9,47,141,6,5,35,9,16,11,10,22,20,44,14,7,7,52,6,35,150,258,7,7,25,13,17,34,9,51,74,3,18,83,78,96,54,138,6,16,5,12,19,16,13,9,12,29,17,10,9,3,11,12,19,80,8,29,10,23,27,96,14,11,24,10,7,66,40,114,76,15,11,20,14,25,9,8,29,43,25,19,12,114,22,51,58,4,15,27,12,195,10,55,12,91,48,20,234,62,9,4,81,6,59,176,54,10,19,77,34,17,140,18,45,8,33,57,108,6,90,27,73,34,10,15,105,17,103,22,77,65,21,48,12,9,17,12,51,10,21,11,13,33,88,69,6,21,15,45,23,16,17,14,17,15,9,66,46,16,67,28,69,16,112,103,43,23,16,82,2,14,51,20,168,76,10,26,98,23,14,22,18,73,17,45,110,18,18,5,26,12,71,12,101,39,18,19,25,86,9,10,65,20,25,15,8,11,7,29,4,73,9,17,81,4,25,20,1,22,50,11,127,145,11,86,96,2,21,24,18,8,4,51,20,4,92,12,10,7,8,9,72,6,12,32,4,10,13,20,15,10,26,4,11,14,7,5,38,14,15,57,24,14,12,14,32,9,22,19,85,17,19,64,121,34,22,9,169,15,19,16,34,124,10,13,6,13,9,44,6,28,82,11,8,28,11,19,115,6,6,13,13,40,16,9,17,95,52,11,10,8,9,45,41,108,169,43,18,91,43,9,20,149,9,10,10,10,28,10,58,9,13,19,49,26,16,8,12,23,7,241,86,24,13,15,26,119,66,10,45,62,27,76,7,47,23,20,14,12,18,6,28,10,14,12,17,10,9,12,79,6,21,102,65,15,4,68,21,4,14,24,30,86,168,72,34,8,25,37,18,43,76,69,72,18,14,10,99,12,24,8,21,88,8,148,230,71,60,12,17,13,50,93,42,28,12,28,37
C[T>A]T,19,219,142,29,20,14,13,119,14,11,10,13,10,8,204,10,28,8,10,19,13,41,23,33,68,109,104,10,148,8,182,12,20,15,12,62,54,29,33,69,13,48,17,13,15,325,17,11,20,3,39,11,63,28,85,183,31,17,10,8,15,5,54,176,6,7,54,13,18,5,7,22,20,37,15,19,19,62,5,78,246,435,9,12,34,10,25,30,5,82,104,10,31,72,108,104,83,175,7,50,8,14,23,17,21,8,6,38,7,9,18,7,8,18,13,107,6,29,13,20,34,98,14,13,33,12,5,127,56,172,110,22,19,13,18,20,9,10,31,53,22,25,14,148,29,60,76,4,18,37,11,272,11,70,17,137,69,25,265,112,10,6,112,11,99,294,102,15,23,152,34,18,226,15,73,7,35,53,166,4,177,39,82,33,13,7,142,26,147,24,79,279,15,55,14,6,23,12,56,6,49,17,9,50,170,103,11,20,15,52,21,24,33,16,20,25,5,118,69,15,100,34,107,17,167,137,50,22,20,104,5,9,64,29,281,90,3,31,142,25,13,32,15,103,10,68,150,25,18,13,30,3,133,11,166,63,14,23,23,152,8,12,51,23,16,3,9,14,8,27,9,108,6,26,143,2,23,8,4,19,93,15,185,240,19,124,100,3,14,21,16,13,10,45,9,3,115,14,8,8,3,6,139,9,15,29,4,9,9,17,25,13,38,5,15,9,15,10,69,17,29,100,29,16,19,14,48,16,45,18,141,6,22,119,155,37,36,17,214,11,12,8,35,190,5,7,8,11,5,49,5,40,102,9,15,30,7,21,225,9,10,25,9,47,8,7,23,139,58,5,9,5,6,49,43,117,230,78,10,127,58,6,38,304,6,11,10,5,47,6,46,10,12,27,84,33,32,9,24,12,12,421,128,36,10,9,19,157,70,16,61,57,28,97,11,49,26,23,16,20,21,8,28,9,8,20,27,9,12,20,87,6,9,139,163,26,8,121,18,8,30,36,41,163,205,96,24,20,24,70,14,59,103,102,145,15,12,11,112,19,21,8,25,101,5,215,229,101,90,14,20,14,64,127,27,30,18,33,65
C[T>C]A,32,128,56,25,29,9,12,86,13,13,24,26,12,18,114,11,30,8,20,21,16,43,14,22,46,77,115,7,80,5,57,17,25,26,11,33,42,32,39,49,24,46,31,13,31,150,14,16,16,14,50,10,39,25,58,89,29,18,16,8,21,16,14,125,15,9,19,9,20,15,15,31,33,51,16,21,11,64,5,87,97,145,9,8,26,10,26,45,8,48,83,8,36,61,74,81,69,107,12,33,11,16,15,15,22,8,6,26,11,13,22,15,11,15,34,83,24,36,14,45,59,80,11,19,339,10,15,93,33,81,33,29,15,20,25,19,20,10,25,47,27,23,19,60,225,57,36,14,15,56,18,143,9,63,12,67,47,30,133,61,6,10,61,8,116,108,103,15,30,51,17,9,77,13,37,6,43,85,76,9,62,35,53,39,11,8,129,14,119,21,70,105,8,25,13,7,32,18,59,10,42,20,14,28,81,74,12,29,29,35,27,23,40,10,22,39,11,40,51,13,49,13,63,15,89,97,66,19,26,92,8,20,46,25,117,33,6,24,84,13,15,27,34,74,20,55,49,27,29,15,31,10,76,19,48,21,16,29,19,60,17,16,400,30,21,14,16,24,12,22,10,95,10,2,85,12,19,13,4,22,46,13,70,173,18,80,70,0,27,25,21,17,8,32,22,10,81,21,15,13,11,15,68,15,16,44,9,12,11,18,45,12,30,12,14,15,15,19,32,21,16,46,42,16,16,21,32,16,645,13,62,19,32,84,107,48,24,20,123,14,20,14,25,53,5,13,2,12,10,40,11,22,53,13,11,41,13,34,95,10,12,36,13,23,22,11,28,68,51,11,16,7,8,49,47,69,227,90,10,53,26,10,11,110,6,16,10,4,33,10,42,13,15,16,46,31,21,8,13,11,14,126,92,27,15,16,23,94,72,13,46,45,33,67,8,24,20,21,21,19,30,8,33,9,12,16,24,6,18,25,63,10,19,58,72,20,12,61,9,7,122,46,60,77,163,37,44,30,24,34,26,66,74,85,51,19,20,23,91,18,20,20,17,103,8,124,1574,1319,62,13,25,16,175,86,50,39,20,23,529
C[T>C]C,27,191,107,19,33,26,12,54,5,7,12,19,3,13,163,12,37,12,13,42,9,47,20,21,63,88,120,10,90,7,92,8,15,33,7,39,48,26,47,50,25,38,17,11,25,268,12,12,11,7,27,7,55,29,51,146,33,11,15,9,19,15,47,158,7,5,34,8,16,8,6,23,24,33,10,12,16,68,11,95,182,137,7,10,16,13,14,48,15,53,102,7,23,65,108,88,79,158,8,21,15,11,18,13,29,8,5,30,4,10,22,12,9,14,23,64,8,35,10,27,42,100,17,13,129,9,9,113,52,124,59,26,16,24,17,29,9,28,29,36,23,16,16,122,74,72,61,13,24,45,6,167,6,97,9,71,57,10,232,71,9,9,72,5,98,197,159,10,23,73,22,13,154,17,55,3,68,65,166,8,95,31,80,18,7,11,107,6,132,13,98,191,11,37,11,11,26,18,49,10,65,16,8,25,93,99,9,20,23,47,24,16,47,14,21,30,10,80,35,14,67,15,101,11,107,105,43,16,15,58,7,12,50,21,240,43,3,18,152,18,15,19,16,86,16,80,84,17,18,7,10,11,86,9,73,36,7,31,10,70,12,11,187,16,29,8,11,13,11,23,13,117,13,14,92,8,18,14,3,13,27,22,168,242,26,111,78,0,28,19,15,9,6,39,11,3,127,24,7,3,10,11,138,11,12,44,14,9,12,18,30,10,19,7,8,15,24,8,46,6,16,73,29,16,16,25,24,16,323,29,45,17,28,88,133,45,24,13,158,7,12,10,41,104,10,8,5,12,10,41,15,23,68,15,12,20,13,17,151,4,7,19,23,53,14,14,23,135,67,5,7,8,12,38,57,139,234,91,12,101,23,9,25,177,6,10,15,3,38,4,60,17,13,19,55,37,21,10,7,13,22,250,119,32,19,14,14,170,65,13,48,72,22,81,13,26,21,18,12,14,23,7,20,7,9,9,23,9,6,16,82,17,10,95,137,14,9,75,15,6,53,52,38,122,173,69,28,26,18,40,30,70,81,59,100,28,10,19,113,19,17,35,26,78,16,183,693,560,51,9,23,10,82,90,57,33,15,24,292
C[T>C]G,27,169,72,23,32,10,13,70,12,18,12,21,15,25,125,12,28,8,30,32,14,34,25,13,43,89,100,15,82,4,42,10,54,25,17,37,33,30,31,43,29,38,20,15,21,149,12,20,42,7,37,19,43,35,49,67,32,24,18,10,33,14,30,162,8,2,24,13,19,19,11,27,21,51,16,26,25,40,16,89,114,100,57,23,31,11,34,48,10,39,75,7,32,63,84,71,66,109,13,24,14,18,18,21,31,15,10,26,7,21,21,13,19,20,28,56,18,43,18,53,38,73,25,28,451,15,25,94,34,66,41,32,16,26,27,19,22,12,29,46,24,25,17,57,279,53,39,15,17,58,16,137,16,61,27,73,69,22,125,40,23,7,51,12,142,94,112,14,37,48,30,13,91,17,39,4,40,83,64,10,43,21,65,34,8,20,118,11,122,31,54,164,18,29,25,10,26,15,36,9,62,15,12,37,107,74,15,23,28,48,30,20,36,15,22,27,11,45,54,16,54,11,57,18,102,95,69,20,25,66,9,20,50,36,125,45,12,29,101,10,15,19,13,58,24,54,57,25,26,14,35,16,59,14,51,34,17,46,21,63,12,7,571,33,22,13,16,13,10,28,9,103,14,4,47,11,28,13,8,11,45,16,108,185,22,56,69,3,27,21,26,14,13,42,35,18,69,29,30,15,15,7,86,12,19,35,7,12,8,17,56,12,26,14,17,14,20,12,37,24,18,47,46,15,17,20,22,16,1199,17,50,18,24,66,97,38,14,15,118,11,24,27,41,75,7,8,12,20,12,39,11,24,55,14,19,28,12,29,91,8,12,19,11,34,10,12,23,69,45,17,13,7,11,40,66,59,256,89,21,75,19,15,17,89,4,8,9,6,34,9,33,20,23,18,51,41,43,11,18,22,31,110,97,32,20,24,22,107,68,15,42,66,22,62,22,17,20,23,22,19,21,11,35,15,13,24,27,19,12,40,62,16,22,50,101,23,11,60,8,11,169,45,43,76,164,49,28,17,19,37,27,62,87,80,93,20,17,23,89,16,26,29,24,97,16,154,2602,1767,64,14,25,10,199,91,53,34,21,27,737
C[T>C]T,46,242,89,19,41,11,20,88,16,12,14,21,17,18,161,15,48,8,21,45,11,42,37,23,70,105,129,16,129,10,68,13,34,16,14,40,64,35,33,84,21,55,18,9,12,198,14,18,27,7,42,13,59,67,71,118,29,26,20,8,23,15,43,118,16,6,31,12,25,22,19,26,30,48,17,26,16,83,14,134,155,251,9,9,32,17,20,40,9,59,113,8,33,89,137,94,79,162,8,35,12,20,28,15,30,15,13,40,12,21,18,12,13,15,25,88,13,76,16,35,58,111,23,21,246,17,10,115,42,114,56,30,13,17,28,31,22,16,32,53,30,31,25,124,146,80,75,15,27,57,18,231,13,89,21,90,88,34,164,67,13,12,78,8,198,171,125,26,30,74,30,15,123,30,44,9,58,107,126,6,110,52,93,39,11,19,147,24,149,40,75,661,22,46,23,5,28,25,67,22,53,20,12,44,335,94,13,33,28,55,50,24,48,12,31,23,14,65,62,28,66,18,80,26,126,153,99,22,35,87,11,14,61,42,161,49,7,19,140,23,18,25,27,72,24,81,98,17,33,18,38,14,102,17,85,35,16,35,19,109,17,14,408,40,22,10,18,23,6,29,10,122,19,8,92,19,25,22,4,24,90,22,119,260,23,91,97,1,36,20,14,20,8,40,20,21,101,29,9,14,13,17,99,12,26,45,11,8,9,18,48,14,34,9,17,13,24,10,60,28,30,68,45,20,17,28,33,24,497,25,80,16,29,210,129,62,26,22,164,6,26,21,69,120,13,11,13,25,14,47,11,23,72,14,20,31,9,39,134,20,13,28,12,38,25,12,22,121,70,10,13,13,13,44,69,105,322,94,12,101,23,11,26,142,12,10,12,10,59,9,58,21,21,19,62,47,37,13,12,24,17,161,129,88,22,16,30,134,104,21,60,65,39,66,16,39,17,22,16,14,20,11,43,15,10,14,27,7,20,40,80,19,19,94,368,22,9,88,14,17,112,41,53,154,204,75,56,19,18,44,38,84,101,119,296,25,17,18,115,24,30,32,28,158,10,222,1297,938,69,26,20,30,109,115,57,39,23,44,395
C[T>G]A,10,59,38,9,18,3,2,14,3,5,7,9,4,5,58,1,21,5,1,4,3,9,9,5,36,40,46,1,35,0,12,8,8,3,2,18,20,9,14,27,5,12,8,2,8,58,3,6,10,3,7,3,18,8,23,30,6,7,7,3,9,6,11,33,6,3,13,2,7,3,4,12,7,15,5,6,5,25,1,26,51,78,2,3,5,2,10,12,2,21,31,4,5,26,24,31,29,62,7,7,4,2,5,6,10,1,2,10,5,3,6,0,5,2,10,40,5,9,2,19,17,29,4,6,18,6,2,34,11,42,15,16,4,8,14,10,2,4,9,16,10,16,5,27,4,17,15,2,2,24,7,59,6,26,4,24,21,8,50,19,6,2,28,1,45,54,45,7,11,31,15,5,46,6,16,1,13,29,42,2,25,15,30,10,1,3,70,13,24,6,25,84,5,6,2,5,6,4,22,4,29,6,0,9,28,32,6,9,6,13,6,4,16,5,6,15,4,20,24,10,27,9,27,8,45,55,25,3,6,60,5,1,26,10,50,19,2,7,52,11,2,8,8,18,13,23,32,10,10,4,15,3,28,3,27,11,5,9,6,25,2,3,37,4,7,3,8,1,1,12,1,47,3,5,32,6,18,6,1,8,30,3,36,58,4,37,34,0,5,4,12,8,3,11,14,2,27,1,3,5,3,2,35,6,6,14,5,0,9,5,14,2,8,5,3,3,1,6,16,5,2,18,15,3,6,5,12,5,42,15,31,7,4,30,42,26,10,3,52,3,11,3,12,33,2,2,3,4,5,18,3,7,32,4,4,13,2,10,45,6,0,9,4,7,7,0,9,19,17,4,4,8,4,19,17,30,122,29,5,24,3,2,5,48,8,2,3,2,21,3,20,3,8,5,26,18,18,2,4,3,2,50,32,11,5,5,6,43,25,6,22,18,10,25,1,6,8,9,3,4,8,0,24,4,7,3,9,6,6,16,34,6,3,36,17,4,1,34,8,3,4,14,15,42,76,32,10,5,7,14,7,13,36,41,18,9,6,7,29,8,17,7,10,40,2,51,76,49,20,7,6,3,17,45,28,11,7,14,27
C[T>G]C,8,83,45,0,16,3,8,29,2,4,7,10,3,9,67,7,10,4,5,8,7,13,10,10,30,44,59,3,46,5,21,6,7,14,4,28,20,12,17,46,8,16,8,8,12,71,5,7,9,6,13,5,23,10,37,39,9,14,9,7,7,1,18,47,3,2,11,3,9,6,5,6,10,15,7,15,4,31,12,29,68,55,3,10,20,2,14,10,3,20,41,7,11,33,47,26,32,64,6,19,5,8,7,9,10,6,4,14,3,9,9,6,6,2,8,50,4,18,6,8,10,46,14,13,41,6,6,38,16,42,34,12,8,11,11,9,9,6,8,24,14,10,8,38,28,15,25,12,6,24,9,101,8,36,7,27,23,8,58,29,6,3,25,7,31,64,59,8,3,33,14,4,55,8,11,3,19,32,37,1,40,8,28,12,5,3,56,10,53,6,38,652,7,10,8,8,10,8,18,3,17,4,8,15,41,30,7,17,12,25,15,7,9,6,13,18,3,27,20,10,21,7,30,8,56,47,20,17,16,42,1,5,23,18,78,30,4,6,68,6,6,10,10,26,9,22,33,7,16,8,6,2,21,8,38,17,10,6,7,21,4,1,129,14,7,4,10,6,3,18,1,55,6,5,35,5,16,8,2,7,17,10,64,83,7,46,33,0,11,13,6,11,5,25,8,6,45,11,5,5,5,4,36,5,2,12,6,6,12,7,24,9,10,4,4,4,7,7,25,11,8,24,21,10,10,10,15,7,129,11,38,6,9,50,58,19,9,3,72,3,8,5,22,51,4,5,4,9,1,16,9,18,30,6,6,3,6,15,56,12,7,15,6,11,11,4,6,42,18,6,8,3,3,16,20,42,133,26,6,34,10,6,11,52,3,7,5,5,13,5,21,12,7,8,24,19,15,4,5,11,10,74,43,25,5,4,9,57,26,7,27,29,8,21,3,9,9,10,14,17,5,5,13,5,7,3,14,5,9,15,35,6,7,38,56,8,1,38,7,8,23,9,10,53,83,34,6,11,9,20,8,20,50,38,58,8,5,11,44,8,8,9,5,65,3,76,245,237,23,7,5,5,42,58,21,10,6,6,106
C[T>G]G,15,161,73,18,25,6,5,50,7,6,9,17,11,5,117,4,17,6,9,17,10,26,25,4,61,75,74,5,50,3,46,5,16,17,1,25,32,18,19,67,9,23,7,7,8,156,5,8,17,4,11,7,43,13,47,78,14,13,7,7,10,4,31,112,4,4,21,5,10,5,3,9,17,21,11,6,7,42,4,46,118,102,1,6,24,5,11,21,5,38,93,9,22,28,64,62,78,83,8,14,7,9,14,12,11,8,3,23,8,7,10,7,6,12,11,73,6,21,7,28,23,56,14,10,63,4,7,62,31,98,43,15,4,8,11,11,16,13,19,20,12,12,8,53,33,39,45,7,8,38,5,146,6,54,10,62,38,11,123,48,3,3,38,3,80,91,93,2,5,54,12,9,105,5,24,4,15,33,74,4,67,16,49,18,10,6,104,14,83,18,67,271,12,33,11,1,13,11,28,10,44,10,3,16,66,63,5,14,9,33,11,9,32,7,13,16,5,39,33,10,52,16,61,15,98,93,33,8,17,71,5,6,50,15,120,28,3,16,90,9,3,12,10,72,11,44,85,13,14,5,14,5,56,2,74,20,6,20,6,45,5,3,120,12,9,5,6,9,11,18,7,86,11,7,44,7,27,12,3,7,30,10,87,123,11,66,62,1,21,15,12,7,5,45,19,2,49,3,2,8,7,3,58,6,9,31,6,3,4,9,20,6,15,6,4,6,11,6,42,12,17,40,13,15,8,14,38,9,124,12,55,11,17,44,96,26,12,7,127,13,10,4,13,85,4,4,5,11,5,47,9,21,54,10,4,13,4,17,107,8,3,17,13,21,8,5,12,88,41,3,7,6,6,23,46,100,168,64,7,57,12,4,11,130,5,8,6,3,18,3,36,3,9,12,45,22,24,4,17,14,5,104,76,22,8,5,11,97,29,11,36,43,20,51,5,15,13,13,8,9,11,3,32,4,6,4,20,4,12,9,48,5,10,74,63,6,4,62,18,6,22,31,21,74,142,63,21,15,17,22,7,46,67,71,40,7,2,12,59,16,27,15,11,55,7,126,307,271,47,6,5,15,55,84,32,30,9,22,95
C[T>G]T,22,252,96,27,20,12,13,86,5,10,12,23,18,12,152,18,17,11,12,13,17,33,25,24,68,80,93,8,90,10,49,9,24,19,8,38,34,97,35,127,20,30,12,10,19,150,7,11,20,6,14,6,20,20,59,93,22,19,11,14,24,7,30,66,7,4,88,7,11,8,11,12,18,38,12,16,9,40,9,139,131,169,5,21,42,6,24,35,8,51,63,8,23,46,73,63,66,111,7,25,6,11,17,17,26,8,7,32,13,17,16,13,16,28,15,89,10,96,9,25,40,56,20,10,67,10,7,84,35,88,37,21,14,19,28,20,14,16,23,52,28,20,18,109,46,51,33,7,21,58,12,250,13,46,11,55,107,55,99,42,9,10,37,7,227,171,90,12,26,54,26,12,78,13,20,6,40,84,73,7,130,47,67,26,14,9,168,13,91,23,58,6444,20,21,9,8,26,18,146,12,51,15,12,31,614,36,6,20,22,40,39,10,22,9,26,40,6,33,65,14,52,19,63,15,113,104,75,16,35,79,12,9,31,31,131,43,4,30,143,21,7,22,14,54,19,46,72,28,30,8,16,9,69,12,67,26,7,28,17,118,3,11,170,30,14,11,9,16,9,36,5,96,13,8,69,18,26,10,2,17,49,12,95,143,10,44,72,1,21,25,21,19,6,48,16,11,88,19,4,11,5,12,62,11,17,27,12,10,6,28,33,6,14,13,16,9,9,10,49,12,22,31,23,18,15,23,32,13,184,17,60,8,13,99,99,37,29,7,161,12,19,9,62,71,2,8,5,17,7,33,13,20,67,19,5,14,7,40,98,11,7,22,8,27,25,12,18,82,38,8,11,2,7,36,95,70,439,76,10,73,18,15,23,94,9,9,8,4,104,12,48,13,9,20,56,43,51,7,9,12,12,153,62,179,9,15,12,107,61,7,25,48,34,47,11,23,15,13,15,15,14,7,30,5,12,12,16,7,10,25,50,11,9,75,633,10,5,67,14,6,36,30,29,154,136,54,14,25,28,24,42,47,80,96,859,17,13,15,58,13,24,25,13,187,5,125,482,310,58,19,26,11,83,111,37,39,11,30,242
G[C>A]A,56,203,124,47,81,58,26,75,24,20,18,38,18,31,171,29,149,28,30,47,32,64,95,29,59,134,87,51,171,12,122,19,59,51,18,61,81,69,48,59,32,66,45,87,46,193,16,38,30,22,69,17,75,63,73,144,136,32,18,33,27,24,66,172,25,12,28,17,20,21,17,90,30,51,57,23,26,68,20,126,266,203,15,21,30,17,39,79,21,58,75,19,68,77,136,86,86,136,12,79,19,28,47,35,42,25,11,94,28,17,130,28,21,29,33,114,26,44,37,56,116,68,43,27,24,17,19,89,55,117,72,44,21,47,16,37,21,32,35,151,34,45,11,100,18,102,77,33,78,39,19,167,25,74,28,92,50,51,199,78,36,44,76,14,210,207,96,23,74,78,40,21,195,30,50,21,41,112,172,22,171,81,65,58,31,23,154,43,135,27,112,85,31,49,15,23,72,21,59,21,50,28,51,95,141,54,14,97,39,57,84,36,36,16,156,31,23,76,57,46,83,45,122,48,163,149,83,28,75,87,16,40,72,44,150,79,5,41,99,28,30,50,44,73,13,148,100,42,72,31,52,17,90,33,106,31,24,49,69,73,26,9,46,48,45,17,26,55,18,46,17,96,15,10,103,63,40,8,8,36,84,32,152,151,20,95,105,2,184,42,28,15,50,47,36,10,99,29,23,22,18,24,66,25,79,51,40,38,29,26,113,17,31,23,43,22,67,11,50,55,28,63,69,24,32,81,54,21,66,58,120,37,46,109,142,54,64,20,125,17,9,32,43,137,14,26,14,26,32,45,21,139,67,32,21,65,22,54,158,21,27,37,24,44,30,49,28,97,56,35,26,8,25,64,55,89,226,121,39,150,100,26,41,162,21,16,23,10,102,23,52,29,45,44,81,292,42,15,48,34,62,222,112,41,22,26,35,150,54,33,57,55,40,90,17,59,29,42,29,33,46,22,28,13,18,20,35,11,33,84,113,26,63,88,85,40,15,90,18,13,51,57,64,134,118,78,100,40,34,63,29,159,79,131,155,54,40,38,105,47,24,51,36,75,45,113,294,128,263,59,52,32,103,214,50,105,32,57,72
G[C>A]C,22,165,104,27,38,12,21,89,9,15,22,26,15,17,141,15,37,13,23,31,14,50,50,21,59,109,89,15,104,9,84,13,24,24,15,49,48,37,54,49,18,30,24,12,29,177,10,31,10,20,45,12,45,33,92,100,48,24,15,10,16,13,53,107,9,8,30,7,14,21,17,38,19,35,20,18,12,73,13,74,161,184,9,16,23,11,29,44,11,71,75,4,29,74,76,104,59,110,9,50,14,21,22,17,31,7,7,52,11,18,28,8,20,15,29,139,13,47,20,33,47,92,25,16,27,15,9,83,62,123,68,24,14,34,13,21,17,16,22,60,23,14,15,127,30,62,56,6,33,37,13,178,16,72,13,90,37,30,182,62,13,13,85,8,76,205,60,18,40,62,26,18,139,20,41,8,28,63,91,13,130,45,54,32,11,17,151,12,107,22,106,47,16,46,29,14,33,15,52,11,44,29,18,51,78,58,11,50,27,35,53,32,28,13,37,15,13,64,39,21,71,22,101,21,115,100,46,19,31,82,11,17,52,30,138,63,12,31,89,23,19,29,28,71,22,73,114,27,27,16,29,10,76,16,113,18,10,23,30,51,14,9,44,23,31,12,14,25,10,41,5,102,11,5,65,25,34,13,7,15,57,13,102,119,17,71,73,2,55,27,25,20,21,58,25,12,76,17,15,12,15,9,47,13,23,47,16,20,16,24,41,9,21,9,17,16,28,13,40,26,16,69,34,21,16,37,31,11,85,35,126,18,26,62,130,37,30,15,138,13,19,29,25,118,11,16,4,12,18,42,17,57,66,24,8,29,12,30,111,19,10,26,18,37,23,21,18,95,54,20,17,3,15,51,41,83,142,69,20,96,68,16,22,142,12,14,18,14,52,16,48,12,35,27,63,74,31,3,15,25,22,225,98,44,10,16,22,128,37,18,76,49,37,76,15,50,20,24,23,18,30,9,28,14,12,20,35,12,24,36,73,20,21,86,66,14,5,79,22,6,20,26,37,129,166,60,27,29,21,44,21,77,72,61,96,23,22,18,80,35,16,28,30,49,23,107,265,208,122,25,21,20,132,125,39,46,31,31,121
G[C>A]G,12,25,22,7,7,7,5,11,7,5,5,7,2,7,22,3,16,9,4,11,9,10,11,9,11,23,9,6,28,5,13,4,7,8,2,7,17,9,6,11,13,7,6,12,9,25,4,7,4,2,6,3,8,9,6,9,20,7,5,3,4,5,8,19,5,1,4,2,9,8,3,16,7,14,8,3,5,9,5,13,33,36,2,6,9,5,8,21,2,8,9,4,8,9,16,14,12,14,1,8,6,5,11,4,6,3,1,19,7,6,8,1,10,1,9,12,2,9,6,12,12,14,6,5,10,3,3,15,6,15,4,13,8,19,4,10,7,9,7,18,5,6,5,12,10,9,15,4,10,14,5,36,4,8,5,15,20,5,35,13,4,4,9,5,22,28,9,8,12,13,0,7,34,11,11,2,6,27,18,3,20,10,5,10,8,3,33,1,17,6,21,17,3,12,3,5,5,4,12,4,11,2,5,17,16,6,5,8,13,4,21,6,5,0,16,5,3,13,17,5,10,8,17,7,11,20,11,4,10,14,2,4,9,12,16,17,6,5,15,3,6,7,10,12,2,21,23,10,7,2,8,5,12,6,10,7,4,9,5,21,4,2,10,9,3,3,6,5,1,6,3,20,10,4,12,9,12,7,3,3,8,6,20,24,6,8,16,0,15,9,7,5,5,18,6,1,14,10,4,3,6,2,7,4,4,8,5,2,3,9,7,1,7,3,8,8,6,3,6,10,6,6,8,5,6,10,4,6,28,12,21,7,4,15,23,6,7,5,17,6,2,4,5,21,6,2,6,5,12,4,5,19,18,2,4,12,2,11,16,5,10,5,7,9,8,12,7,12,13,6,5,1,6,12,8,16,38,18,8,21,12,3,7,13,4,3,2,2,11,3,15,4,5,7,9,21,9,3,6,6,12,33,16,7,4,4,6,9,14,5,10,10,10,14,6,11,11,3,12,10,10,4,6,1,1,4,8,4,4,14,16,4,9,10,7,4,3,11,6,7,6,13,8,20,23,17,10,4,10,3,6,17,13,14,25,7,3,8,20,7,5,8,14,14,6,10,73,49,33,11,10,3,39,32,9,17,18,9,25
G[C>A]T,30,159,118,40,46,24,23,81,15,12,21,21,16,21,161,11,95,15,29,23,21,57,63,17,59,129,81,32,109,13,101,15,40,28,8,45,57,54,31,31,22,48,33,52,41,206,12,37,10,24,66,11,49,48,79,141,100,28,10,29,15,13,50,130,24,3,25,9,14,14,13,38,21,37,35,17,10,60,10,106,231,203,14,21,29,18,15,54,8,54,80,18,31,67,117,99,68,116,9,49,19,18,37,21,23,8,15,53,27,16,57,12,20,11,21,109,14,46,21,36,85,77,30,21,35,12,17,88,51,125,69,36,28,27,14,25,19,19,38,105,30,36,20,103,53,71,63,25,49,39,9,181,9,60,21,84,49,22,191,64,23,30,81,4,170,202,73,16,63,101,37,26,165,22,40,14,38,94,127,11,173,70,63,47,15,16,150,33,120,17,98,75,32,45,22,10,53,17,39,13,41,29,39,63,116,55,11,63,27,33,54,29,33,13,121,20,9,64,46,30,58,24,114,25,129,139,58,23,64,79,9,23,65,44,146,66,5,20,106,26,19,31,28,76,6,131,106,33,37,13,33,10,66,22,117,46,12,23,29,78,13,11,58,30,29,10,14,35,12,36,14,103,14,10,75,40,29,10,10,24,83,19,135,135,20,81,91,2,109,28,22,24,18,50,35,19,89,32,12,22,18,14,80,12,58,48,16,14,15,23,66,7,22,9,28,13,32,6,48,30,25,62,51,18,15,58,34,19,178,25,136,14,29,87,135,48,21,13,137,16,4,20,22,140,10,20,4,11,23,42,13,103,77,10,12,38,9,39,149,10,18,24,16,32,28,24,32,106,42,18,21,5,20,63,39,109,155,93,18,102,63,14,39,156,21,13,8,8,59,9,50,17,45,24,67,171,31,16,35,14,30,251,103,38,14,16,24,129,40,13,52,58,31,108,11,57,20,38,24,23,21,11,24,5,11,18,39,12,23,59,78,10,31,89,90,22,13,100,13,8,76,40,53,141,168,81,72,25,16,46,20,124,64,91,132,33,24,28,97,30,21,27,26,54,24,129,618,372,187,32,48,16,236,186,32,63,27,29,316
G[C>G]A,13,132,69,8,17,8,6,45,2,6,8,5,9,6,129,8,18,1,5,17,7,23,6,8,37,71,73,3,60,3,28,3,10,11,1,22,38,5,24,31,14,19,7,6,12,127,6,6,9,3,6,6,36,7,28,95,11,17,7,5,7,4,24,86,3,1,18,3,6,4,10,12,16,16,10,8,3,37,3,31,83,67,5,6,14,6,8,18,1,49,77,4,13,31,59,61,62,97,5,19,2,6,12,6,10,9,4,15,10,8,6,5,4,3,13,61,2,25,7,18,33,67,6,7,13,5,5,83,32,94,22,16,4,7,5,4,11,4,28,20,15,6,9,33,10,44,34,6,14,32,8,126,6,66,6,50,22,11,100,56,5,1,47,2,50,93,80,1,10,53,21,6,82,6,32,1,41,50,66,7,63,18,49,11,4,6,132,12,72,9,65,33,8,17,11,3,10,7,33,9,17,10,9,12,41,53,7,17,6,38,4,7,27,10,15,6,7,38,28,10,53,11,69,11,69,103,30,10,13,75,8,3,27,21,87,31,4,7,92,13,4,13,11,46,13,38,46,13,9,6,16,4,40,8,42,25,6,11,8,40,7,7,15,11,8,3,8,4,5,25,0,95,9,5,65,2,17,4,2,7,10,15,74,168,9,35,76,0,20,12,10,13,16,29,9,1,58,5,2,0,6,5,68,4,8,23,4,5,7,10,20,4,13,2,7,4,7,4,31,17,12,41,11,12,8,16,28,7,31,9,56,17,4,43,65,41,7,8,117,10,12,10,14,56,5,5,1,6,3,27,4,7,45,4,8,13,4,9,112,6,5,25,3,28,7,4,14,77,38,3,2,5,9,23,32,78,128,47,4,38,16,2,16,93,2,8,4,1,19,12,28,7,16,8,29,23,15,3,5,8,6,100,71,16,7,6,10,76,50,2,35,44,16,55,5,13,20,14,6,9,9,6,20,2,4,9,14,5,11,10,54,11,11,53,29,4,0,56,19,5,15,13,23,52,151,47,18,12,12,33,15,29,75,56,20,10,7,3,68,7,27,6,6,54,3,106,76,63,100,55,16,14,69,100,61,35,30,39,54
G[C>G]C,8,122,54,11,17,7,7,51,9,7,7,17,9,4,108,4,20,4,10,22,7,28,8,7,49,71,67,5,55,5,43,11,5,14,6,26,40,12,19,32,20,17,9,9,17,99,6,7,6,8,9,7,30,38,45,88,10,16,13,4,10,2,26,82,9,2,16,5,15,4,4,4,13,23,4,8,5,29,4,48,94,87,6,7,25,6,11,27,4,29,61,1,13,36,54,79,49,86,5,14,3,11,8,7,15,4,3,17,5,7,8,8,3,7,14,64,9,17,7,16,22,56,19,9,20,8,3,77,32,53,27,15,6,9,11,12,12,6,24,22,8,6,5,41,17,45,29,6,11,27,10,125,5,64,9,44,19,10,108,31,7,2,43,5,57,93,91,8,16,37,21,5,99,11,41,2,33,38,55,8,69,16,47,19,6,9,101,12,70,8,40,73,8,18,8,3,10,3,33,10,18,10,5,18,27,42,5,20,11,42,10,10,19,5,9,9,6,19,26,9,39,12,57,14,66,69,42,13,12,63,9,5,42,16,108,41,2,9,86,8,6,9,19,43,7,36,48,10,16,5,10,2,36,5,41,23,5,12,11,27,4,7,30,13,18,6,9,9,11,27,3,80,11,7,50,11,18,7,0,4,25,17,92,137,10,54,67,1,17,18,11,11,7,41,19,6,47,9,8,10,5,9,55,6,10,33,9,5,9,6,18,4,11,6,11,8,8,5,30,20,23,28,13,12,12,14,21,14,39,21,55,16,14,43,84,27,12,7,122,7,7,10,20,45,3,7,6,7,8,31,8,20,43,9,10,16,6,17,83,5,7,5,9,24,7,11,17,66,34,7,8,1,13,27,31,64,180,50,9,48,7,5,17,93,2,7,4,6,19,8,28,3,8,15,41,31,11,4,6,14,6,98,76,19,11,13,20,84,57,3,33,22,16,49,9,27,13,17,11,12,5,2,19,5,6,2,10,2,4,12,52,6,6,53,32,4,2,30,11,4,14,21,14,64,122,48,22,13,8,28,21,26,69,60,30,10,5,11,61,6,15,9,12,66,9,92,121,130,62,31,14,24,60,99,50,21,21,22,50
G[C>G]G,4,42,9,6,3,0,2,4,2,1,1,2,3,3,39,2,5,1,2,36,4,4,3,1,8,35,16,2,16,2,6,5,0,2,0,5,5,5,4,14,1,2,2,0,0,28,1,1,6,2,1,2,8,3,7,20,7,6,5,1,3,2,7,33,0,0,2,3,5,3,1,2,2,15,2,2,1,7,4,9,36,30,2,3,5,1,3,6,1,7,19,0,2,4,14,9,19,17,0,2,1,2,3,1,0,2,2,4,2,1,1,3,2,0,4,17,2,2,1,3,7,14,6,4,7,2,2,25,3,19,8,2,1,4,4,4,2,3,7,8,1,3,1,19,2,13,12,0,4,8,1,54,1,34,2,8,9,2,23,6,1,5,9,1,15,8,75,1,9,15,2,1,29,9,13,0,6,16,20,1,19,1,22,5,1,3,30,0,17,3,21,7,4,3,11,0,3,1,9,0,7,2,0,3,4,20,0,14,3,8,7,2,8,3,6,2,1,12,14,4,28,4,21,2,21,27,2,1,5,14,1,1,7,12,70,10,1,3,19,3,2,2,4,12,5,12,22,1,6,2,3,0,17,2,20,3,2,15,3,11,1,1,8,2,3,1,1,4,3,1,0,28,4,0,17,1,4,3,1,5,4,0,20,32,7,7,5,0,3,5,3,1,2,4,2,2,19,2,2,3,1,1,15,1,1,8,0,1,1,4,7,2,7,0,3,1,4,2,5,1,2,5,2,1,0,5,2,0,6,5,10,2,1,4,20,3,2,1,25,1,2,4,0,18,2,3,2,3,0,7,3,3,18,2,2,3,1,4,36,2,0,4,2,14,2,2,1,20,2,1,2,1,2,5,9,14,89,15,1,10,3,2,4,20,2,2,0,2,7,1,12,5,2,0,14,0,1,1,5,1,2,30,22,11,3,2,3,15,24,4,2,16,6,26,4,4,6,5,3,4,4,2,2,2,2,1,2,4,3,3,10,2,4,18,7,1,0,12,2,1,2,5,6,13,18,11,8,2,1,6,4,5,18,22,8,1,3,5,13,1,6,4,3,13,0,27,14,3,20,5,1,5,9,23,13,5,3,5,5
G[C>G]T,10,214,93,12,26,5,14,55,9,4,7,9,15,13,196,7,20,6,14,18,12,24,18,14,75,112,123,3,88,4,34,4,12,10,2,35,53,16,20,60,24,24,11,9,10,170,4,5,9,7,8,3,51,18,56,139,20,35,4,3,10,4,40,124,6,7,27,3,6,6,8,18,12,25,11,10,4,49,9,44,151,119,1,6,21,4,10,17,7,69,124,2,16,40,112,84,88,144,4,25,8,8,15,4,9,3,3,18,2,4,21,5,7,9,9,102,8,39,17,15,34,104,8,9,27,8,6,133,38,151,43,18,8,10,14,10,15,6,37,27,14,12,12,80,13,65,62,5,12,38,4,209,10,74,8,71,35,10,157,87,7,2,69,3,56,146,144,5,14,89,20,5,123,14,39,4,34,59,93,6,116,18,93,18,2,5,191,9,96,20,97,66,8,21,12,6,18,6,72,4,38,12,5,31,50,92,13,32,11,37,20,14,33,5,10,12,5,54,43,20,85,19,91,15,151,131,53,11,23,106,11,8,78,18,165,64,3,5,177,27,6,20,21,90,7,59,81,15,16,7,18,6,68,6,74,38,8,12,8,71,3,4,33,15,17,4,11,10,5,29,7,145,8,17,82,6,22,15,2,9,28,18,108,204,10,71,100,3,18,13,15,7,6,45,11,3,93,6,4,4,26,7,93,5,14,30,5,2,5,9,15,7,19,3,7,10,14,6,34,13,23,49,19,37,8,23,51,12,58,8,78,21,12,63,91,47,13,9,209,2,8,4,30,104,5,3,2,11,8,51,9,20,66,5,4,13,4,16,155,9,3,40,2,51,10,6,19,142,67,4,5,3,11,40,38,107,197,79,14,63,15,5,31,161,4,3,1,2,19,12,60,7,15,15,64,42,23,4,6,13,9,179,127,19,6,7,17,140,111,9,46,71,28,93,8,28,21,15,10,9,8,1,22,6,8,11,16,3,5,14,77,12,12,99,30,5,6,91,20,2,20,33,40,97,207,77,23,10,17,48,9,27,129,101,38,11,4,14,85,10,28,11,18,87,6,201,159,82,176,89,53,52,95,171,123,58,67,55,97
G[C>T]A,50,191,109,51,49,34,72,81,21,27,52,50,15,33,143,46,88,18,36,60,29,80,58,34,99,109,491,28,213,18,86,31,38,42,29,71,122,69,92,91,79,54,72,26,49,181,31,28,44,31,75,48,68,72,99,145,88,99,21,12,48,27,57,194,30,15,36,26,48,47,22,70,42,73,42,59,38,136,35,122,189,193,33,37,61,32,63,101,25,73,96,16,91,121,100,107,72,130,26,125,33,48,39,34,79,18,31,71,27,40,49,36,57,24,51,126,22,109,50,57,88,107,43,37,121,38,27,143,94,130,76,57,42,51,47,44,35,40,43,101,26,51,37,102,442,96,58,40,34,52,32,185,28,94,30,131,68,47,188,83,31,36,96,13,141,209,95,31,61,71,44,31,130,40,44,16,89,186,106,41,165,83,101,75,26,33,208,19,150,33,114,113,41,53,49,13,45,40,106,20,62,33,23,86,95,66,22,43,67,58,88,62,66,40,62,74,29,73,61,34,87,32,101,46,98,186,66,44,58,150,17,35,60,70,121,91,18,47,131,36,27,73,68,69,33,120,106,53,61,52,50,30,90,49,82,28,28,37,48,91,26,14,96,53,55,16,33,51,22,95,20,161,36,8,90,35,36,42,12,32,50,58,119,140,40,82,91,1,86,69,47,57,32,61,53,21,102,44,32,31,73,28,70,37,55,63,24,20,28,41,97,19,39,22,24,37,58,34,57,57,36,60,69,47,49,74,47,39,1198,64,146,69,59,141,178,90,46,38,230,36,32,66,94,106,14,39,16,27,37,55,36,85,73,32,20,59,19,74,116,27,29,108,27,63,41,46,52,125,75,29,34,21,84,124,70,99,263,120,45,133,81,31,62,160,30,19,21,18,96,53,36,41,35,58,82,152,47,19,25,41,54,207,124,55,28,39,61,128,67,48,85,65,67,128,27,84,75,33,49,40,63,22,35,22,26,27,46,21,31,85,114,39,43,88,102,41,20,124,11,24,221,100,69,140,203,71,74,51,62,57,61,115,117,135,143,58,29,53,130,46,52,43,37,74,47,119,4931,4018,485,292,114,192,616,252,148,213,283,162,1944
G[C>T]C,30,201,107,59,27,35,45,72,26,44,47,50,18,39,115,29,75,11,44,52,48,67,45,35,64,89,501,35,154,9,95,21,49,45,31,59,99,52,61,56,53,61,74,35,56,174,22,42,37,21,61,26,46,64,89,114,81,63,26,14,31,30,56,143,29,9,23,21,49,41,24,76,28,57,44,47,40,124,31,78,156,203,18,21,52,54,43,109,20,63,76,21,64,75,96,74,70,90,16,88,29,21,38,41,70,30,23,77,28,37,25,49,37,25,42,124,27,74,28,46,110,78,40,30,193,33,33,75,81,84,71,53,21,58,42,36,30,32,46,85,35,38,45,57,439,81,37,30,58,43,15,169,18,53,25,107,79,47,157,57,33,36,74,13,133,163,76,27,59,53,32,26,92,32,60,9,67,172,89,24,129,81,71,55,24,25,147,21,135,29,91,131,29,71,35,22,47,30,73,25,57,46,23,73,71,54,27,47,46,58,73,50,53,32,62,53,31,70,51,52,59,29,92,39,83,136,69,39,58,86,24,45,59,55,99,76,12,38,97,28,26,51,51,71,32,128,86,49,51,43,62,21,66,47,85,30,19,34,43,70,26,5,172,56,55,30,27,37,26,71,31,91,20,9,72,33,37,28,8,36,48,31,110,140,33,75,72,3,62,70,34,42,25,47,53,20,107,42,33,32,34,20,55,34,54,57,22,23,32,46,85,21,31,22,20,44,59,30,38,60,34,50,67,28,38,61,39,39,1243,65,138,41,54,99,138,57,41,44,138,33,27,52,59,83,22,27,16,17,29,60,27,76,74,32,20,52,22,52,97,28,10,48,38,37,48,38,40,78,70,43,42,11,47,89,58,103,223,105,46,123,62,30,55,103,20,24,20,18,100,34,25,24,33,56,69,121,64,12,19,39,62,159,109,37,37,31,42,117,58,35,71,64,51,78,32,64,45,37,38,44,41,30,44,29,28,40,50,18,47,70,82,40,53,55,70,41,28,99,10,31,188,85,104,107,132,67,80,50,40,41,67,124,77,88,98,52,37,60,92,51,28,54,51,62,34,115,3885,3959,237,133,69,105,886,165,94,124,127,80,1985
G[C>T]G,138,150,201,109,111,96,101,79,76,81,100,98,44,88,224,73,221,39,89,174,63,135,118,114,82,123,159,68,341,46,176,73,121,117,63,92,196,154,167,109,172,138,147,63,176,200,68,95,95,66,230,70,90,222,108,105,244,136,57,45,76,94,105,186,84,21,23,59,109,86,58,166,57,157,73,115,131,321,92,153,157,297,59,63,106,114,121,169,62,60,103,65,235,73,103,82,96,165,62,168,75,109,205,98,99,83,69,284,33,66,91,56,124,49,89,151,43,151,79,296,335,100,110,70,396,115,63,125,90,127,160,277,78,124,139,117,106,95,84,177,84,193,84,82,510,113,80,130,135,103,60,254,46,61,87,227,124,101,200,78,52,82,107,38,162,172,136,75,128,77,48,74,137,81,69,37,194,384,128,62,89,198,97,142,75,61,225,27,162,81,208,222,81,110,119,71,119,89,168,74,119,101,90,104,103,77,91,128,111,88,222,164,141,66,213,98,91,99,105,100,72,57,113,111,133,161,185,124,171,127,48,80,76,115,171,109,45,61,151,41,96,108,109,98,63,231,107,133,119,112,152,61,111,136,93,35,57,82,135,71,101,13,338,116,181,76,69,138,56,196,60,133,94,6,122,103,114,63,14,111,59,102,182,203,87,108,112,3,125,198,67,104,46,70,156,63,91,116,63,66,56,73,89,83,172,89,91,65,92,115,317,42,116,58,115,81,115,65,65,106,88,102,211,28,58,179,52,99,1715,215,141,77,173,172,193,217,67,102,206,78,53,93,92,186,69,54,55,46,131,72,72,142,97,104,68,120,49,284,115,53,79,133,122,54,124,139,104,104,92,112,84,36,108,178,169,155,367,303,131,193,139,58,64,158,82,58,58,58,255,60,58,82,109,110,88,286,109,45,27,93,164,164,141,100,82,95,117,143,73,114,63,95,176,124,97,84,96,85,74,94,122,76,101,75,90,61,106,40,94,138,104,100,180,108,145,114,69,128,23,91,153,196,189,139,135,95,124,128,114,49,182,363,100,172,300,89,178,165,85,249,107,155,181,117,125,143,3422,7328,263,160,98,102,1057,258,211,200,177,120,1846
G[C>T]T,53,187,126,47,37,20,42,68,17,25,34,41,19,41,141,32,76,13,33,44,43,71,49,30,78,95,185,17,155,22,129,25,36,43,14,58,113,50,75,72,50,48,79,29,43,203,16,37,39,28,55,27,74,60,88,119,61,52,36,6,29,25,52,158,27,5,22,25,29,29,26,61,35,70,38,48,31,109,33,97,163,217,13,35,50,31,30,110,22,51,101,21,68,64,108,107,75,116,17,69,37,30,26,39,52,27,17,65,21,32,44,30,36,21,35,101,25,72,32,58,97,91,31,32,131,39,23,91,69,131,68,45,31,45,37,36,31,36,45,88,45,50,38,93,350,77,55,32,48,52,28,190,23,86,18,111,74,40,178,87,18,23,85,11,118,226,100,33,56,63,33,21,102,25,53,21,94,123,113,30,160,78,80,46,27,21,156,22,148,21,96,123,32,55,38,10,38,39,65,34,52,32,9,78,75,62,19,48,36,64,77,54,46,35,53,53,34,72,59,37,67,46,106,30,121,153,69,32,45,114,15,41,62,48,178,63,11,45,105,38,25,35,41,82,32,102,94,45,51,42,47,21,87,32,90,32,23,36,47,100,26,11,115,54,59,22,28,45,25,61,29,104,29,9,95,19,49,29,9,36,44,34,132,114,29,78,108,1,45,40,34,39,26,55,39,15,111,49,23,32,35,27,65,32,44,69,36,19,21,35,84,27,43,17,26,22,52,26,43,55,35,62,73,30,36,59,49,31,831,54,154,53,68,98,140,58,49,38,139,24,27,44,62,104,21,39,16,28,31,52,28,70,89,24,23,55,18,47,133,44,21,52,30,59,36,36,45,91,72,45,33,18,48,109,83,110,235,111,31,114,58,29,49,151,26,27,17,13,91,38,34,28,31,42,80,150,70,15,13,47,56,192,101,44,21,40,38,128,72,29,75,72,54,89,39,56,45,41,31,40,35,12,36,22,28,27,62,14,34,73,88,25,43,91,72,40,26,97,15,19,192,59,77,128,191,88,35,48,43,37,61,102,102,89,113,47,37,42,94,52,38,61,31,76,34,143,3538,2500,285,158,66,104,650,172,83,147,128,102,1423
G[T>A]A,10,81,44,22,14,5,10,41,10,9,10,15,8,8,79,6,20,4,13,21,7,25,9,6,27,47,34,9,56,2,42,5,6,11,5,23,15,10,15,21,5,25,13,8,9,92,7,9,6,1,17,2,22,15,51,72,10,12,8,3,9,5,25,59,9,2,26,4,15,8,5,9,7,18,6,11,4,34,3,35,60,147,3,5,10,4,9,24,7,34,30,0,12,30,51,51,32,55,1,15,8,3,8,10,8,10,4,20,5,5,2,1,7,4,14,43,2,21,10,11,28,30,6,6,20,13,9,41,27,52,27,7,2,4,4,9,3,5,15,22,5,10,10,47,33,26,29,2,17,17,9,88,6,32,7,30,26,13,93,49,6,5,34,5,50,102,38,2,15,43,16,10,77,6,25,4,11,36,63,2,56,13,29,13,4,5,56,8,64,11,35,18,6,16,11,5,13,9,21,3,12,4,9,18,54,45,3,15,13,32,21,7,9,7,11,11,7,39,22,9,46,10,54,4,43,76,17,9,13,27,4,5,28,20,77,27,5,18,57,9,8,16,12,35,12,34,51,7,8,5,11,7,49,3,47,20,8,13,6,41,8,3,49,12,7,1,2,6,5,14,2,30,2,4,33,7,13,8,1,7,24,9,60,73,7,40,35,0,9,17,10,13,7,24,7,1,48,9,3,7,4,4,37,4,11,20,11,2,5,3,9,4,9,5,8,4,6,5,16,14,5,27,13,7,8,13,8,10,22,4,37,9,9,34,61,15,16,7,62,8,11,8,14,52,3,9,3,7,6,24,9,10,37,4,9,10,5,11,67,3,6,14,7,19,9,8,13,47,23,1,6,1,5,27,14,47,114,30,4,35,19,3,20,74,3,6,7,4,19,2,19,5,14,5,27,13,16,2,6,10,9,129,41,24,4,5,13,59,23,9,24,30,18,43,2,21,11,13,8,9,11,5,13,4,2,4,10,5,10,14,41,6,5,38,32,6,1,44,6,5,10,13,16,57,91,35,10,14,12,14,14,21,21,41,40,13,6,7,44,11,10,1,18,69,6,53,290,84,33,4,6,3,44,35,27,15,11,21,35
G[T>A]C,13,85,57,15,12,6,10,40,13,3,6,15,7,10,74,9,15,7,15,11,8,25,12,8,22,56,34,7,48,5,39,3,5,14,3,24,18,15,20,25,5,17,10,6,11,102,5,10,8,1,14,8,20,13,30,60,14,12,7,6,14,9,18,52,5,4,13,2,9,13,9,22,9,19,10,10,6,38,8,32,81,120,5,10,18,10,19,14,11,28,36,6,11,47,38,50,36,53,6,16,15,7,16,9,9,7,7,14,4,8,14,8,4,5,9,44,6,15,5,9,14,35,14,14,35,6,8,26,23,66,39,9,6,18,14,8,7,5,19,23,7,11,11,50,48,35,26,6,10,14,8,93,5,35,11,36,14,6,74,30,11,3,29,6,34,84,29,5,11,44,20,16,59,6,16,7,22,24,44,8,61,11,24,12,2,10,51,6,64,11,40,35,8,15,11,3,9,10,23,10,21,13,5,18,36,27,9,15,10,38,16,12,9,6,18,14,5,36,26,17,51,12,48,6,66,44,18,6,17,29,6,18,30,17,57,33,5,9,44,13,7,12,20,22,3,28,53,8,12,8,12,9,25,8,55,11,11,16,18,44,8,8,48,12,12,5,16,3,3,8,3,33,3,8,20,10,8,8,0,11,27,7,56,62,4,45,42,1,13,16,7,9,9,16,10,3,39,10,6,12,4,6,25,9,4,15,4,3,11,9,18,7,11,4,9,8,7,5,14,10,11,24,19,4,13,10,13,9,65,13,69,6,14,49,55,17,14,10,70,11,3,8,24,42,4,11,9,7,7,20,13,13,37,17,8,9,5,12,61,7,10,13,6,18,6,11,4,38,29,8,12,3,3,14,17,38,91,33,8,36,24,5,18,88,5,6,7,3,30,3,25,10,9,12,22,20,17,3,8,8,12,107,37,20,7,11,8,46,28,4,23,23,19,40,3,26,10,15,14,5,5,2,14,3,14,14,15,8,18,11,29,11,3,52,28,4,3,40,9,5,19,16,15,62,67,31,14,13,10,22,20,29,31,35,46,12,14,8,48,17,11,11,21,39,13,39,221,249,43,4,11,9,90,46,17,17,12,13,88
G[T>A]G,13,92,53,12,17,9,8,70,6,6,15,13,6,6,111,11,20,0,15,16,13,21,15,8,34,73,50,4,57,5,33,6,10,8,3,27,22,12,24,28,12,17,12,3,10,128,7,7,10,8,16,4,23,9,32,86,16,16,6,6,12,4,29,77,12,1,27,7,13,7,6,25,10,26,15,11,10,35,5,34,108,146,7,9,19,13,10,23,6,38,56,3,11,40,68,54,30,75,4,26,7,4,15,10,12,13,6,21,4,8,8,7,6,10,18,61,4,20,7,16,21,60,14,9,24,13,7,46,32,75,43,12,12,12,8,7,5,14,25,30,19,8,13,82,23,40,35,11,13,17,12,104,7,44,3,73,22,13,104,35,8,3,46,8,33,108,49,9,14,52,22,9,77,6,28,4,17,40,55,5,58,7,38,20,7,5,76,12,78,16,39,21,9,20,15,5,19,8,34,9,14,8,6,29,44,52,7,14,8,37,21,7,22,5,12,15,4,40,24,17,59,15,68,14,67,91,24,11,9,47,6,12,30,22,86,50,6,15,61,19,10,18,13,40,13,53,65,18,13,9,11,5,58,11,75,17,11,17,10,40,8,2,56,22,10,7,8,6,10,20,6,47,6,9,54,5,10,6,2,15,29,15,66,86,11,53,45,0,14,23,8,9,7,32,10,9,42,10,4,12,5,1,45,9,6,24,6,3,3,15,12,2,13,2,5,14,14,7,25,10,11,33,25,10,9,9,17,14,38,16,60,8,11,31,72,23,12,5,93,9,12,12,22,67,7,5,4,6,9,22,7,17,51,8,17,10,9,17,69,4,5,9,8,25,6,14,25,49,25,8,8,4,6,32,22,48,122,42,4,58,29,10,17,78,6,11,11,5,20,5,23,10,16,10,50,25,7,6,13,14,12,135,58,15,7,10,13,65,26,6,33,44,21,47,3,18,13,17,6,8,12,7,21,3,8,16,10,4,7,7,42,6,10,65,41,9,4,62,17,8,12,27,33,54,99,46,18,13,15,33,8,19,43,42,35,10,9,9,58,12,14,13,13,54,2,50,229,125,33,8,16,4,50,60,16,19,7,21,38
G[T>A]T,13,135,108,26,13,3,9,80,6,12,16,5,5,6,115,5,17,5,12,8,8,19,17,15,49,99,64,8,99,4,99,7,15,20,6,47,31,27,19,49,11,32,14,9,13,211,9,6,12,10,16,9,41,17,59,100,17,12,8,4,6,5,48,114,2,8,25,10,12,10,8,20,18,26,13,6,8,52,10,49,144,264,7,16,17,13,10,27,6,34,59,6,23,59,92,83,60,102,7,27,5,8,19,15,9,14,6,37,5,12,11,8,4,9,15,88,7,29,7,12,29,75,9,9,37,12,9,71,46,105,70,16,11,15,8,13,13,8,30,36,18,12,10,87,48,41,51,8,17,28,3,199,9,57,10,77,28,16,176,51,17,2,75,5,55,175,50,12,22,76,39,9,134,13,37,3,24,50,104,9,104,25,54,27,9,12,111,13,91,19,57,59,15,35,7,2,20,6,47,9,15,12,9,24,75,72,4,18,13,41,17,25,10,18,26,17,13,70,35,15,68,13,59,12,93,76,46,12,15,55,7,12,46,18,204,52,5,11,72,17,7,17,22,58,5,49,86,15,20,10,19,15,56,5,102,33,7,21,21,65,10,2,56,12,14,7,9,7,5,28,5,68,3,10,73,11,16,5,3,13,37,14,114,128,11,92,69,0,29,15,13,12,11,42,16,4,72,21,5,10,9,5,80,8,15,34,9,9,9,15,22,4,31,9,12,9,16,5,28,22,11,61,17,14,12,18,32,11,83,18,109,11,14,50,110,27,24,10,109,17,4,9,13,102,6,6,6,12,9,32,11,32,49,11,4,18,11,19,139,8,5,16,9,28,11,6,16,77,43,17,8,6,9,41,29,102,155,48,6,89,35,11,27,175,4,8,9,4,27,9,35,5,8,14,51,26,15,13,18,15,11,243,83,31,7,7,19,110,42,11,39,50,18,70,11,23,17,25,19,21,9,4,17,4,6,14,21,10,7,12,59,7,11,109,90,11,5,81,16,4,35,29,24,104,151,79,18,10,16,47,13,29,56,57,95,14,10,15,64,17,19,14,19,82,5,77,309,250,67,12,11,10,56,75,22,19,14,16,90
G[T>C]A,28,133,86,21,33,24,14,81,11,15,22,25,17,16,143,9,38,16,27,26,31,65,22,22,59,88,103,20,107,15,79,23,31,27,9,36,80,29,60,53,33,38,26,10,36,149,16,33,38,11,63,12,40,45,54,85,38,42,22,17,26,7,33,93,25,4,16,13,27,16,17,36,21,57,26,22,11,75,12,121,129,152,16,21,44,17,36,43,13,56,78,11,32,64,65,84,56,108,20,40,11,19,29,27,37,12,16,44,13,22,20,30,24,15,20,80,15,39,12,35,86,70,22,27,844,24,11,102,41,94,36,48,25,35,34,55,19,20,24,48,27,39,27,68,440,58,39,17,26,40,19,113,13,47,26,72,60,31,141,42,23,16,49,8,127,106,88,17,31,64,25,14,93,22,49,7,54,101,72,16,66,29,71,41,24,14,132,41,82,22,81,89,18,38,26,11,26,17,45,17,49,38,11,26,79,58,12,30,31,60,53,25,47,14,38,56,22,45,49,24,52,19,89,24,87,145,57,27,33,60,14,29,58,32,117,49,4,38,122,26,19,30,31,48,29,83,55,30,33,24,40,23,80,23,54,25,21,29,22,46,25,11,680,37,47,17,29,44,18,34,9,96,17,3,73,15,35,16,3,19,58,25,109,202,21,84,79,0,28,35,30,24,10,41,33,11,68,19,25,19,10,20,63,20,39,44,13,11,19,25,50,21,29,13,22,32,19,19,28,25,24,46,64,27,33,40,33,18,954,38,64,27,27,90,100,56,47,12,111,30,26,32,35,71,12,19,9,24,20,40,19,32,59,11,20,59,15,37,78,13,16,45,20,25,45,21,40,68,66,9,23,10,13,61,61,101,194,92,13,67,34,13,33,118,13,15,13,8,47,15,48,20,23,40,53,47,27,7,8,20,21,126,79,16,14,22,22,99,69,21,33,40,43,55,18,52,17,25,30,25,28,13,36,14,12,19,29,18,25,35,67,19,37,79,68,25,10,72,10,17,191,72,73,95,159,33,50,34,24,33,41,78,85,105,73,37,22,26,97,29,34,41,41,94,25,113,2566,2610,63,23,32,26,518,91,102,44,30,49,956
G[T>C]C,31,103,124,10,20,12,11,36,12,10,18,14,14,10,96,6,31,8,17,29,14,34,18,16,41,43,65,12,74,9,35,14,17,19,7,18,56,17,40,27,26,28,27,8,22,109,8,9,17,6,27,9,29,27,31,60,19,22,17,8,11,13,33,98,12,4,12,8,11,13,13,16,14,34,13,20,8,43,18,65,83,92,13,11,26,8,28,26,9,32,49,7,22,30,41,45,28,75,7,29,15,18,25,15,26,12,15,33,12,13,18,16,16,6,22,36,6,28,15,42,54,53,14,10,202,12,7,65,33,61,34,23,16,20,16,28,7,16,17,30,16,18,11,73,100,33,42,9,18,29,2,83,9,38,14,35,30,8,118,24,11,9,36,6,60,85,59,9,31,56,21,13,76,9,51,6,70,50,69,12,48,21,47,19,6,6,71,11,54,12,42,70,15,26,22,12,22,14,34,13,37,25,7,28,46,55,10,25,23,22,33,12,19,15,15,24,5,35,39,11,25,14,58,16,56,64,42,19,24,40,11,4,40,18,122,23,6,23,89,11,13,19,21,46,9,49,40,15,17,16,16,13,49,14,47,18,13,23,18,35,10,13,236,23,21,18,16,32,8,22,7,59,11,7,65,15,12,10,3,11,29,13,54,157,13,49,49,1,18,28,24,20,11,22,23,13,52,14,7,7,9,8,71,6,12,19,11,7,3,20,31,8,17,6,12,11,18,14,23,25,18,31,32,11,17,25,18,17,275,46,39,15,22,64,77,34,27,14,78,13,10,22,23,41,14,8,7,14,20,30,15,17,24,12,14,24,8,23,72,9,9,30,6,24,19,15,23,43,38,10,12,4,9,42,51,62,176,55,12,60,20,12,21,108,5,10,10,10,49,16,27,12,16,16,27,40,23,7,5,21,15,111,57,21,7,13,17,69,40,14,30,36,17,36,10,27,11,13,17,15,17,13,31,12,9,16,26,8,13,27,42,14,24,44,53,19,9,46,5,9,39,41,41,66,91,42,37,21,17,17,31,58,45,45,44,16,13,23,50,15,24,36,24,60,14,83,685,776,46,14,17,15,194,57,57,26,15,22,288
G[T>C]G,25,102,62,7,19,6,7,59,13,9,16,19,10,10,106,9,27,17,12,32,17,32,17,16,50,68,80,20,55,8,32,14,33,20,5,35,39,26,28,32,28,33,17,18,16,138,8,14,22,10,41,8,26,25,27,62,24,28,22,11,31,9,30,101,13,5,15,6,12,15,8,19,25,33,16,18,14,43,11,91,93,117,44,17,31,15,31,43,9,30,57,7,35,42,52,54,56,85,11,21,6,13,20,25,19,7,9,38,10,17,16,9,16,14,19,60,11,26,11,32,37,73,19,14,408,13,10,59,32,54,34,27,14,26,35,31,16,16,23,38,23,20,15,72,256,51,33,14,24,29,17,96,19,46,14,54,52,18,96,23,18,10,44,9,80,93,67,18,27,37,21,16,82,16,49,4,47,64,69,8,54,21,42,24,14,12,88,17,62,25,52,84,16,28,17,11,20,8,34,15,43,22,16,27,75,44,14,22,18,40,34,18,37,17,28,19,11,49,38,15,45,18,49,28,67,84,39,24,35,43,11,18,42,17,102,48,8,22,86,18,10,21,21,44,10,40,63,14,31,12,21,7,58,17,60,24,17,31,16,45,15,4,451,24,23,18,17,19,7,24,4,70,9,7,67,12,21,18,4,29,21,20,73,162,21,60,59,0,25,36,13,12,4,31,14,12,48,18,20,14,9,14,69,20,23,41,9,14,11,24,28,14,23,9,18,9,24,21,22,15,26,36,39,18,21,29,20,13,746,24,39,19,25,66,82,31,20,15,79,21,13,21,27,59,12,12,5,16,13,30,13,17,36,21,12,21,15,22,71,13,8,28,13,20,27,14,29,58,37,15,12,9,6,39,54,58,166,61,14,80,17,11,19,81,7,17,18,9,33,13,43,14,17,25,55,32,19,7,9,20,19,91,68,21,10,15,13,81,48,23,22,19,27,45,12,24,11,13,13,19,23,14,28,17,13,16,24,7,15,30,49,16,16,42,65,8,5,42,7,10,85,46,43,58,132,46,39,19,19,27,27,49,61,69,54,16,16,16,50,23,26,24,19,79,6,100,1644,1382,49,18,21,22,328,75,75,30,11,25,507
G[T>C]T,38,160,75,30,34,12,19,71,16,10,29,28,17,31,154,26,33,19,30,25,32,81,28,23,68,88,86,16,142,16,70,20,35,39,14,59,70,32,70,67,39,38,48,24,35,198,19,28,36,12,49,24,57,44,50,121,56,37,26,13,19,11,28,127,18,21,29,13,25,29,27,37,31,53,26,33,16,96,24,107,151,215,15,14,36,19,43,39,19,48,77,14,47,59,86,78,64,136,17,45,16,25,37,37,42,15,21,48,14,27,29,25,25,29,28,86,26,42,21,45,75,100,21,25,503,20,20,88,45,96,50,40,40,42,31,54,19,30,30,48,38,41,28,80,235,65,55,25,33,45,17,162,20,55,18,88,75,31,169,48,30,13,68,18,111,143,88,27,47,39,25,26,112,24,52,10,63,99,72,17,66,45,83,36,14,27,142,28,117,29,85,168,20,58,29,14,27,23,62,32,50,45,11,42,113,68,13,38,42,72,60,30,53,25,42,58,11,65,68,28,51,21,110,31,91,166,51,22,32,60,19,30,57,40,139,58,9,44,125,14,11,34,36,77,26,82,83,41,41,34,48,26,81,27,83,32,23,28,23,58,13,10,414,55,47,18,27,40,13,28,22,99,12,9,96,19,30,21,5,17,57,27,128,227,27,86,66,2,33,42,42,36,11,50,37,19,87,33,16,22,14,19,99,24,38,34,15,16,12,41,51,20,43,24,25,36,31,24,44,38,36,64,71,20,29,51,32,33,548,27,59,29,38,97,121,62,38,20,116,26,26,24,37,100,17,28,10,36,21,38,19,40,61,10,28,33,25,27,89,14,26,48,18,33,40,15,35,61,52,14,24,9,22,80,80,103,226,107,18,95,47,13,39,138,21,19,15,6,50,25,47,26,17,48,47,53,23,16,21,23,30,155,90,35,30,27,25,128,85,28,36,39,50,68,28,33,24,32,28,25,46,16,43,13,20,21,39,13,20,44,62,20,36,71,93,28,22,64,16,10,116,66,93,106,200,60,55,27,37,37,44,95,100,88,90,43,35,32,100,24,27,49,38,93,23,130,1575,1602,86,27,32,31,317,93,87,53,33,36,617
G[T>G]A,12,62,29,5,5,5,2,25,0,5,7,1,3,2,55,2,13,4,12,15,3,10,7,6,21,25,30,4,21,5,17,2,5,4,0,10,8,7,15,28,6,3,6,0,5,47,4,3,6,4,10,2,7,13,16,44,4,3,1,2,5,3,13,43,2,2,8,1,4,0,1,3,9,6,1,5,2,21,3,21,54,48,1,1,12,3,5,5,1,23,33,1,11,19,35,21,23,34,1,12,2,3,6,3,5,0,2,4,5,4,7,2,0,3,5,32,1,10,7,7,11,26,5,4,8,6,0,36,7,44,17,3,3,3,0,5,3,5,10,7,8,7,2,20,5,15,16,3,6,14,1,44,1,34,3,15,14,4,50,26,5,4,22,3,35,46,59,4,9,13,6,1,28,7,18,0,17,11,33,1,23,4,24,10,4,1,34,9,33,4,31,39,3,9,2,0,3,3,20,6,9,5,3,7,13,26,0,8,3,7,9,3,10,4,4,7,2,22,15,2,29,6,18,6,46,53,19,0,5,23,2,1,25,7,34,12,4,9,49,9,2,3,9,21,4,30,27,6,3,1,2,3,24,2,28,9,3,7,3,11,1,2,33,2,5,1,3,3,2,10,2,32,2,3,18,3,7,5,3,3,23,7,38,51,6,19,43,1,9,4,6,1,3,7,3,1,33,1,1,2,0,3,25,3,4,7,1,1,1,3,9,1,12,1,1,1,6,7,9,5,3,14,9,5,9,7,16,1,8,7,27,6,4,31,40,12,6,5,39,1,4,6,10,25,3,2,1,6,1,16,1,8,28,1,5,12,4,5,53,2,1,0,2,4,6,0,7,32,15,2,2,1,1,10,15,27,77,23,4,16,4,2,4,36,1,2,4,1,7,3,17,4,7,8,21,3,13,1,5,7,5,57,28,5,5,0,7,34,21,0,19,17,5,18,2,5,3,2,3,2,6,4,7,4,2,5,3,3,2,9,24,6,5,13,19,3,1,29,7,3,2,5,9,37,68,23,7,5,5,14,6,12,31,36,14,8,4,4,40,3,7,6,4,56,2,46,51,16,20,8,3,7,18,31,15,6,7,8,6
G[T>G]C,7,63,39,3,5,2,3,13,2,4,4,2,5,4,49,2,6,2,1,33,5,10,3,2,17,23,18,2,22,2,12,1,4,9,1,4,7,4,11,17,4,10,3,1,7,34,3,4,4,0,6,3,9,6,26,27,0,7,3,0,4,2,12,23,4,1,2,1,3,4,2,1,8,8,2,5,0,8,5,21,30,21,3,2,9,1,3,3,3,10,17,2,2,14,28,27,14,25,1,5,5,3,3,0,4,0,1,11,2,5,2,2,1,4,7,19,3,14,4,7,15,18,2,4,9,6,2,18,8,33,8,5,3,4,2,4,1,2,11,1,10,1,1,20,5,19,9,0,4,9,8,37,6,16,3,16,16,5,39,18,1,0,13,3,32,31,78,3,4,15,4,1,21,1,9,3,18,19,27,4,22,7,10,10,7,0,25,2,29,4,15,138,0,9,4,3,5,6,14,0,7,7,3,3,14,17,0,4,3,9,8,3,7,2,1,3,2,18,10,7,28,4,23,1,31,19,6,5,1,20,2,5,10,7,32,7,0,3,19,4,0,7,6,18,4,16,27,6,9,3,3,1,12,3,18,8,1,2,3,12,5,2,27,2,8,2,2,6,0,4,2,19,2,0,17,0,3,4,0,4,9,5,29,43,5,20,15,0,2,4,6,2,3,10,4,2,30,5,1,3,2,2,18,4,5,10,6,4,1,4,7,3,6,3,2,6,5,1,10,1,7,4,5,0,2,3,10,3,7,6,13,3,5,14,27,4,4,4,21,4,5,6,10,15,2,3,1,4,2,13,3,3,10,3,2,9,7,2,41,1,2,7,2,5,5,1,7,22,5,1,4,2,1,7,14,19,72,17,1,23,5,4,7,30,1,2,2,1,9,3,15,1,5,5,13,9,3,1,3,1,2,31,21,10,5,5,3,25,14,4,14,19,6,18,2,5,2,3,4,5,9,2,11,0,1,1,4,2,1,4,18,2,4,23,19,4,1,13,8,3,4,8,10,29,29,14,6,8,4,16,3,13,10,15,16,4,3,4,19,4,5,3,5,46,2,33,54,41,11,7,4,8,17,19,19,5,3,6,20
G[T>G]G,7,134,59,5,24,5,2,28,1,5,9,5,9,5,72,2,35,0,4,231,2,59,12,5,30,60,33,2,28,0,37,1,2,11,4,20,21,6,8,37,10,15,10,1,9,98,2,2,8,3,15,1,25,0,44,70,7,6,19,4,3,8,39,97,3,3,11,3,4,5,1,6,5,4,3,3,3,29,8,81,102,63,8,4,7,6,6,21,2,20,69,2,12,49,86,53,38,75,1,21,13,10,8,3,9,3,1,12,2,3,7,7,1,2,4,38,1,19,3,12,26,36,2,6,14,4,0,69,53,66,22,8,4,3,2,7,6,38,14,13,6,4,14,68,5,40,30,6,24,26,3,79,3,93,3,25,17,9,144,49,7,11,31,4,174,101,416,1,7,27,14,9,47,8,28,2,16,29,86,4,83,8,50,11,4,3,58,4,70,9,60,71,6,14,5,11,8,17,17,1,15,4,0,15,34,80,2,21,24,21,5,2,14,4,7,6,2,43,14,8,99,8,52,4,61,98,29,11,3,40,3,3,35,12,81,23,1,9,49,9,3,8,4,48,9,52,48,5,22,6,6,10,49,2,46,20,3,67,6,23,4,3,24,3,6,3,3,17,2,10,5,61,30,7,28,4,13,5,0,2,15,8,80,73,8,70,41,1,14,3,11,5,2,20,4,4,71,6,5,3,1,4,49,4,3,28,8,3,5,4,15,2,10,0,0,4,8,1,15,4,11,25,12,3,3,6,15,3,18,7,54,27,8,47,69,16,10,8,72,5,9,3,10,42,15,2,2,6,6,27,2,8,37,1,2,9,3,9,135,5,3,18,19,32,7,6,16,114,53,10,9,2,2,15,21,76,105,31,7,42,15,3,10,83,2,6,2,1,10,2,25,2,8,13,54,19,9,1,7,4,6,114,84,16,15,6,10,102,34,3,38,53,6,77,5,15,7,7,5,5,13,1,17,1,3,4,5,7,5,12,40,3,11,54,27,8,2,38,5,3,4,16,22,81,91,36,16,20,7,55,11,32,50,35,16,4,6,2,86,6,10,25,4,35,4,77,48,34,27,33,8,9,17,52,10,6,7,14,14
G[T>G]T,12,125,101,14,26,5,3,36,6,8,4,10,8,6,86,4,11,6,6,54,4,16,11,6,47,43,57,7,49,6,24,5,10,7,3,17,27,39,14,40,17,26,8,4,6,96,3,5,9,1,6,3,27,18,43,67,15,8,4,5,14,9,24,78,7,2,30,7,9,2,1,7,13,14,5,9,3,28,4,55,87,83,7,6,15,3,16,11,3,32,56,3,5,24,48,40,43,73,7,16,7,5,6,9,13,4,4,15,6,8,10,3,7,9,9,51,0,36,3,19,20,59,9,7,32,5,2,65,13,66,23,15,7,4,3,20,8,17,17,28,16,12,4,51,17,32,22,7,7,20,6,105,5,45,8,27,38,18,88,35,3,4,23,3,89,70,123,5,11,27,11,9,55,10,22,7,30,43,65,3,60,23,31,15,3,9,81,10,59,10,38,1179,7,17,4,6,12,7,38,3,32,10,13,19,145,31,6,20,13,18,19,11,8,10,15,27,9,28,25,15,48,11,37,8,62,64,39,13,7,46,3,8,37,12,76,27,0,8,64,11,8,9,14,39,12,45,49,8,10,8,10,5,42,5,45,21,2,21,4,43,13,3,90,17,12,7,12,5,4,13,4,63,4,8,38,6,12,4,3,12,23,2,70,106,7,46,57,0,12,9,9,3,5,25,13,3,43,9,1,5,4,6,37,5,12,17,4,2,3,8,11,3,20,4,4,5,12,3,21,13,10,26,16,11,12,14,10,5,92,14,43,6,13,52,48,32,17,5,84,2,9,9,14,54,2,5,5,9,5,30,4,14,29,6,5,13,6,11,82,3,6,10,6,16,6,2,11,48,39,9,7,2,7,18,53,63,218,37,7,55,14,2,14,80,4,2,5,3,33,6,29,8,5,13,24,15,24,4,7,16,9,111,48,48,7,3,9,79,28,8,22,46,18,39,6,11,5,9,5,7,10,5,21,2,2,10,12,4,6,15,35,6,10,42,185,9,3,34,5,11,23,22,18,77,91,32,20,14,12,26,21,40,59,55,157,10,2,10,42,8,13,20,12,97,5,79,269,201,29,9,10,4,60,55,24,20,10,17,85
T[C>A]A,73,300,157,94,66,63,146,154,34,45,52,38,34,35,254,55,120,45,38,92,24,109,135,35,71,153,139,51,548,24,171,21,76,50,23,88,135,65,120,84,203,74,48,72,72,240,18,52,35,35,87,42,65,86,132,188,125,514,28,41,44,20,91,166,49,11,63,20,24,36,15,105,52,65,67,108,24,267,32,159,265,412,24,29,91,21,59,172,19,116,173,20,82,213,177,189,129,214,15,104,25,35,56,38,49,30,19,110,37,27,99,21,41,29,34,160,15,266,49,60,146,182,71,81,48,20,30,107,121,189,77,55,36,44,67,40,35,50,52,171,55,33,35,118,59,155,93,48,62,63,24,275,20,130,42,114,97,45,248,110,37,30,119,16,273,550,179,32,113,95,53,57,244,40,93,18,84,389,166,50,792,161,115,79,23,24,493,54,265,41,122,165,33,76,44,19,84,40,431,19,44,37,64,104,183,104,23,115,46,88,149,50,62,31,136,41,22,80,88,105,87,48,106,65,178,222,179,52,78,125,65,42,72,89,231,143,14,66,239,150,22,46,70,154,25,200,133,124,90,77,59,34,124,41,116,52,19,87,43,242,29,12,68,45,68,23,14,55,15,161,27,169,22,19,104,69,81,101,9,36,129,89,179,170,35,131,189,2,152,45,56,103,28,111,56,20,338,39,25,27,304,28,137,33,60,56,30,43,26,29,86,15,66,17,36,33,82,38,49,73,77,172,93,551,34,404,60,57,92,71,201,464,80,514,187,95,78,30,285,18,20,35,420,120,25,28,11,23,35,182,22,170,221,36,25,60,27,152,170,25,26,396,20,401,68,40,129,146,91,43,37,9,229,146,98,204,323,215,37,170,139,33,231,337,35,20,18,17,135,229,72,26,84,67,100,613,58,19,53,66,68,309,167,52,26,31,61,180,90,43,117,99,190,134,24,310,174,86,37,52,51,13,56,19,35,35,103,13,28,91,160,37,54,148,151,44,26,141,31,25,352,98,122,152,270,106,99,53,127,94,52,141,89,186,253,62,38,65,187,56,94,78,49,75,31,358,287,144,3401,1731,889,985,2286,1309,1058,1149,1425,843,1254
T[C>A]C,52,286,115,56,50,36,83,133,33,26,38,51,35,47,202,45,88,37,32,56,29,105,82,31,80,153,114,43,252,12,132,24,75,55,19,90,125,70,78,73,107,69,55,45,48,225,18,44,23,20,61,25,86,73,104,173,87,237,29,28,45,19,87,113,45,10,50,21,29,21,21,78,33,68,44,77,20,183,37,136,225,272,23,35,65,33,49,90,18,114,163,18,65,135,161,144,116,188,16,84,29,35,56,25,43,24,17,97,36,43,61,23,36,26,48,167,22,131,40,57,118,180,49,58,42,26,22,99,82,206,105,49,33,74,47,45,32,27,59,143,34,40,29,121,49,152,98,56,55,46,29,261,25,89,46,137,83,32,245,95,25,30,108,17,134,350,141,23,67,115,43,43,174,40,73,13,56,202,119,25,339,107,104,63,28,32,464,48,162,42,122,95,48,77,35,18,51,27,160,31,70,40,32,95,124,92,15,77,51,77,122,67,49,41,79,42,13,88,62,71,88,58,122,45,184,179,100,47,58,149,46,31,72,79,162,119,8,63,222,64,29,52,67,133,17,163,143,67,61,61,52,25,89,39,151,49,34,56,81,158,37,16,60,47,54,27,24,32,20,87,25,207,18,13,95,41,54,44,12,25,117,58,162,148,41,123,180,3,119,56,27,53,34,74,40,18,256,50,32,30,144,23,121,28,54,61,23,28,22,32,72,16,35,22,30,24,54,31,45,57,54,102,63,181,34,175,68,32,85,63,164,204,59,287,177,91,63,33,283,20,15,42,146,118,21,31,13,26,45,124,19,97,162,24,27,58,13,79,170,27,27,167,20,258,53,30,52,115,102,26,35,9,105,110,81,202,274,179,38,155,95,27,101,241,31,16,21,15,96,110,62,29,52,44,111,282,48,26,25,50,51,324,194,47,24,36,64,170,74,52,94,94,74,149,30,132,94,65,47,45,55,18,49,21,24,28,62,16,33,80,129,46,43,115,136,27,25,110,30,28,142,87,94,159,232,104,60,46,67,67,46,139,100,187,160,54,39,51,157,51,58,53,40,78,40,381,377,212,1460,700,386,376,707,554,394,504,579,332,622
T[C>A]G,14,39,16,10,9,2,23,18,7,9,8,2,5,4,28,7,27,4,9,8,9,14,16,6,10,21,17,3,49,6,24,6,9,12,3,11,24,12,15,12,14,15,10,10,11,20,6,7,4,7,12,0,6,9,21,18,21,37,2,2,11,6,6,14,7,1,5,6,6,4,6,16,7,16,11,8,3,34,4,22,27,46,4,5,10,3,10,18,3,12,19,1,7,20,23,10,14,27,3,12,5,1,10,6,11,5,2,14,7,8,14,6,7,8,8,17,5,27,9,9,22,14,11,9,11,4,4,11,11,15,9,13,6,15,8,8,6,8,8,24,2,8,10,18,5,14,16,13,9,17,3,29,8,10,8,17,14,6,31,12,7,6,19,3,32,33,21,8,12,9,7,8,23,12,17,5,10,27,25,9,48,22,12,16,10,3,48,7,18,3,21,28,8,10,2,6,12,8,31,5,8,6,9,20,27,7,7,18,9,7,26,9,12,5,26,8,3,13,11,9,11,7,21,11,17,28,20,15,13,10,7,1,15,10,26,16,3,6,18,11,2,6,17,15,5,19,20,17,14,11,11,5,13,4,19,3,6,17,8,19,7,3,13,7,10,9,1,9,1,13,4,24,6,1,13,11,16,11,3,10,15,8,17,16,13,8,21,0,23,15,4,10,2,10,16,6,38,11,6,4,15,3,16,5,12,7,8,4,8,9,16,4,8,4,6,11,9,5,8,13,7,9,15,30,5,37,5,8,18,9,24,41,8,49,24,12,12,4,30,3,4,9,16,18,7,7,6,13,12,10,3,32,26,7,6,10,4,19,19,4,8,28,5,27,9,4,13,12,9,8,5,2,15,11,13,10,57,27,3,20,25,7,20,24,8,4,10,10,14,27,7,10,8,8,9,64,12,3,5,13,10,33,16,8,6,9,8,20,15,11,11,15,10,16,6,19,21,4,8,9,13,4,15,3,4,3,9,2,6,21,24,7,7,11,16,5,3,11,5,8,29,13,17,18,19,19,11,9,9,10,4,24,13,19,25,5,14,8,15,18,16,6,11,12,9,23,62,24,275,101,58,57,113,112,56,99,85,68,98
T[C>A]T,84,398,170,91,77,85,136,211,45,50,52,66,29,47,316,42,208,41,58,60,44,112,182,49,114,201,148,82,409,34,250,31,111,69,23,109,164,93,120,109,135,109,64,117,112,284,22,107,48,37,134,37,91,162,186,223,213,349,19,53,58,26,91,204,82,25,67,37,54,31,30,155,58,68,111,89,38,260,33,291,404,510,39,44,87,37,57,199,19,102,206,25,106,175,228,175,146,259,18,130,40,54,39,63,59,22,37,172,58,40,135,27,43,34,49,199,27,230,96,67,216,164,101,87,85,27,34,140,100,244,124,69,37,69,54,60,43,57,59,223,46,63,49,173,126,186,108,46,113,80,18,318,32,134,79,154,105,86,326,116,56,36,186,25,407,471,163,27,178,123,59,53,301,48,95,25,108,488,236,41,532,174,111,89,32,41,527,60,324,50,176,264,52,58,57,24,81,36,222,25,87,66,76,147,238,101,39,162,69,85,169,70,73,39,224,81,24,107,118,105,102,50,170,50,251,262,170,54,112,153,46,47,99,117,283,148,20,85,223,96,34,66,67,203,29,239,145,92,101,74,72,40,118,47,187,68,28,104,95,202,41,28,180,57,100,37,26,90,16,137,25,201,26,21,124,83,71,94,16,56,207,76,244,234,38,157,224,1,240,65,51,50,60,119,96,31,303,66,44,45,194,39,165,39,125,97,52,43,35,42,169,21,69,16,49,28,107,34,60,87,74,154,132,226,43,245,83,44,318,92,249,216,84,420,265,137,96,44,286,25,27,43,234,182,26,35,15,34,49,166,39,291,197,43,32,87,36,172,198,34,39,206,20,257,85,88,86,146,97,45,55,10,137,154,122,265,396,318,48,256,162,47,135,350,44,15,34,23,240,163,79,25,88,71,163,541,73,30,51,55,88,423,252,70,38,44,67,225,89,65,126,117,166,170,28,243,129,121,40,72,37,22,74,24,28,48,114,18,37,135,198,34,88,160,187,66,24,162,41,29,302,139,155,266,299,112,151,76,104,85,57,276,120,230,315,89,41,85,177,66,83,77,55,81,43,391,1220,646,2040,984,691,549,911,927,467,798,710,396,1131
T[C>G]A,64,579,162,227,125,42,596,269,20,71,137,23,140,49,538,277,25,76,14,35,10,60,116,18,103,209,284,9,2499,66,131,28,46,27,29,81,145,28,126,195,842,129,87,14,41,320,27,43,31,5,61,110,119,48,274,269,86,1918,10,96,31,12,79,164,111,15,153,14,28,27,31,37,75,70,143,332,31,838,150,107,278,382,11,34,214,12,85,84,9,308,558,7,100,429,272,335,348,470,13,82,6,27,88,35,40,20,11,50,34,11,56,16,81,20,29,263,7,962,87,61,126,513,95,323,90,12,13,204,410,642,156,27,23,13,382,16,45,25,92,117,104,30,24,111,139,220,241,26,27,69,16,627,51,151,89,110,154,26,299,143,65,6,288,10,99,1481,391,5,108,165,96,40,295,54,287,10,94,844,146,177,2285,180,230,222,10,10,1320,26,218,105,123,403,47,65,11,8,42,22,2503,13,81,28,43,114,187,252,23,67,32,113,213,93,70,13,43,41,11,78,172,326,142,59,221,57,249,410,724,46,47,336,272,7,117,71,492,313,8,37,761,522,22,43,58,606,20,223,149,253,101,318,87,72,131,19,137,61,14,176,50,679,7,21,35,47,30,8,15,14,6,590,5,399,25,21,211,14,75,635,1,40,129,299,237,290,57,143,400,6,66,20,47,400,51,170,26,9,1614,26,11,5,1719,33,841,23,18,115,14,9,8,15,47,5,72,9,10,20,14,48,77,207,448,963,30,3190,14,961,137,179,26,45,210,1923,154,2290,199,247,72,24,624,11,20,23,1680,174,16,8,13,26,3,501,36,238,1167,14,58,41,27,571,203,16,13,2334,13,1431,95,8,316,213,159,9,6,4,1171,268,211,687,937,447,26,140,35,24,1200,1204,64,27,43,35,189,1476,93,9,75,26,118,2138,57,16,32,70,21,291,408,28,32,17,46,322,285,55,162,385,869,229,7,913,1012,58,8,118,21,9,55,7,20,66,274,12,11,30,132,14,15,209,139,29,5,180,130,12,1243,466,170,168,681,85,68,32,390,217,128,78,145,348,110,29,37,229,465,53,639,113,26,115,7,1441,89,36,13151,9790,2958,3748,8795,5314,8058,5314,6343,5723,6058
T[C>G]C,45,366,121,55,72,23,102,117,16,23,24,20,52,20,314,72,35,19,6,29,14,61,56,15,80,174,222,9,538,12,80,16,31,25,14,55,99,21,48,88,192,58,29,11,21,274,12,19,14,5,32,20,85,28,128,192,44,432,9,32,14,13,80,121,30,9,58,6,19,20,10,21,41,48,40,87,4,234,39,77,199,279,10,17,98,11,32,51,10,131,241,6,40,154,189,142,200,275,12,58,12,15,41,15,33,10,11,32,21,17,33,7,27,13,14,141,9,223,44,43,66,306,41,73,47,13,15,116,137,322,95,22,9,26,79,13,22,15,57,64,46,19,19,99,31,125,118,14,29,59,11,354,20,109,29,79,84,14,235,96,19,7,132,13,88,451,205,9,55,103,40,30,175,36,107,3,59,258,127,38,563,88,155,62,9,11,771,13,183,68,104,161,26,42,17,9,25,21,522,11,67,20,20,64,113,134,16,19,15,97,56,38,32,15,27,24,12,68,58,80,96,40,145,38,189,231,184,21,32,206,59,19,84,50,320,145,5,36,427,135,14,40,28,327,17,132,123,81,40,68,35,21,75,24,101,46,12,48,41,199,11,12,32,24,19,4,14,12,6,154,9,249,10,13,158,9,38,118,6,23,58,95,191,198,27,110,223,4,38,14,16,93,24,98,22,7,516,24,15,11,326,11,369,17,15,76,8,15,11,10,48,7,40,5,11,11,20,18,48,53,107,256,19,622,19,202,70,46,22,34,127,351,50,498,152,144,45,13,437,10,18,15,390,127,16,9,9,17,6,159,21,79,384,13,35,35,28,120,165,17,9,485,12,336,36,14,61,131,91,9,9,2,269,117,103,448,526,254,26,106,21,17,257,427,34,10,14,11,78,271,64,10,34,25,79,433,37,10,19,40,23,226,221,36,12,19,26,225,161,17,90,146,169,156,8,226,212,35,20,32,17,5,35,8,12,22,63,9,13,20,111,15,18,106,93,12,8,115,53,6,205,156,89,147,374,70,52,19,91,92,42,73,122,202,76,20,12,67,182,27,158,43,21,103,11,719,71,34,2862,1877,586,759,1941,1180,1670,1012,1316,1073,1185
T[C>G]G,6,67,24,7,9,2,16,11,5,9,7,3,9,5,45,26,8,6,1,11,1,6,14,3,13,54,20,3,131,3,13,4,5,3,2,9,12,4,5,22,44,5,8,1,8,36,5,4,15,6,11,7,15,3,19,37,12,58,4,3,5,4,8,27,7,0,3,2,6,2,4,2,5,18,9,19,1,42,7,17,38,61,3,11,18,4,7,6,2,12,40,3,8,21,18,30,32,33,0,7,6,4,7,1,3,4,4,8,3,3,7,3,2,4,4,24,2,61,6,6,4,31,16,22,11,2,1,25,20,42,9,6,6,3,16,10,3,3,10,9,9,2,4,19,12,12,15,3,3,17,3,56,7,23,3,4,19,2,40,11,4,0,22,3,17,57,36,4,9,19,3,3,42,12,25,3,9,50,18,4,103,10,24,14,1,1,67,5,10,11,25,29,4,3,2,1,5,1,157,2,12,2,6,10,19,29,3,11,3,11,16,6,12,3,8,7,0,16,35,25,14,12,41,6,17,39,55,8,15,24,14,1,14,15,74,15,2,8,43,15,5,2,6,28,3,28,27,17,14,20,4,9,24,1,26,12,3,7,4,43,3,2,8,8,2,8,3,3,5,30,1,35,4,5,22,3,11,24,1,4,14,8,39,36,7,32,21,1,5,1,5,17,2,13,7,1,70,3,3,3,50,3,46,5,3,19,1,3,2,3,14,0,9,2,2,1,4,4,10,15,18,38,8,83,2,41,9,11,5,8,19,90,9,101,8,21,3,1,47,2,4,9,54,27,0,3,3,6,2,26,3,20,64,3,1,1,4,26,35,5,0,68,2,70,5,1,10,32,18,2,5,2,42,13,32,45,138,26,6,21,2,3,44,67,1,3,4,5,10,52,9,1,7,3,9,89,7,3,11,10,1,50,25,16,2,3,5,23,26,6,7,25,35,25,5,40,37,6,8,8,3,1,4,0,2,8,22,1,1,6,7,3,5,24,17,7,1,22,4,2,42,21,15,15,42,13,11,3,22,11,14,16,28,48,22,3,1,12,29,3,25,8,5,28,1,73,19,15,575,333,99,100,300,183,251,202,214,244,177
T[C>G]T,122,993,271,335,236,46,750,359,37,114,200,42,169,61,841,359,55,97,29,73,24,121,214,38,180,326,537,26,2597,78,236,50,59,41,42,141,199,45,160,307,1105,183,103,27,66,585,20,64,53,10,90,142,239,130,437,510,149,2787,24,108,61,23,174,285,136,23,178,16,51,34,40,69,106,130,154,424,23,1204,155,210,491,648,16,56,372,28,122,148,13,384,806,17,145,553,434,460,563,752,19,131,22,50,138,43,81,23,26,101,61,28,101,31,109,35,51,388,23,1361,141,89,235,760,141,458,141,30,16,282,498,1053,283,68,37,35,410,40,103,57,170,182,171,54,56,183,203,320,337,40,69,153,23,1042,55,304,122,220,311,42,475,258,110,14,453,11,149,1843,587,22,135,267,144,55,458,85,343,13,147,1054,260,192,2999,298,345,277,19,23,2620,69,432,185,227,637,101,121,16,14,85,38,2624,21,178,53,56,208,290,403,44,85,45,214,287,167,130,34,76,61,26,148,192,419,248,85,375,96,420,730,1023,47,85,595,353,22,219,129,767,419,19,116,1142,688,58,63,86,869,20,382,253,471,153,409,112,100,224,44,243,127,25,234,93,874,32,29,82,69,67,28,34,24,19,785,6,741,39,39,345,17,153,695,3,58,274,378,404,458,83,275,686,12,118,42,69,418,67,243,38,14,2093,54,28,31,2158,60,1125,28,20,167,26,33,28,27,103,21,116,20,28,28,42,78,114,304,525,984,63,3678,30,1187,255,272,79,84,310,2336,209,3287,374,465,108,35,1031,34,21,36,2142,312,40,24,16,42,11,734,77,291,1414,26,102,59,62,680,359,35,34,2747,21,1764,132,16,462,403,279,13,29,8,1627,410,329,1125,1476,732,50,226,67,59,1225,1595,88,34,45,32,243,1921,132,27,134,68,232,2483,124,36,54,100,41,537,631,93,52,29,69,505,447,121,264,470,940,344,24,1137,1479,96,25,196,35,13,84,17,31,119,373,17,39,77,274,32,31,330,257,36,7,302,191,17,1645,536,234,304,955,154,136,49,589,294,195,126,325,593,231,58,37,252,617,81,760,148,71,192,33,2284,263,128,17983,12261,4348,5127,10112,6299,8286,7411,8400,6299,7746
T[C>T]A,129,580,169,352,109,79,1592,343,82,192,544,47,160,119,363,767,104,195,49,128,66,125,224,87,92,165,862,45,2949,164,198,123,99,83,109,110,201,107,436,233,1254,189,639,141,159,268,40,107,54,40,178,310,139,124,726,183,230,2624,47,129,117,53,108,210,336,16,119,56,58,166,54,107,104,112,180,621,121,1913,134,244,242,505,59,92,372,62,234,291,43,157,522,21,222,539,320,337,159,290,52,160,84,96,210,149,78,106,38,134,156,47,110,121,213,78,61,319,48,2341,241,115,191,338,158,675,134,62,41,159,635,463,292,103,73,107,419,80,101,172,70,333,156,61,50,111,317,210,148,104,94,86,28,460,82,146,119,168,191,77,307,147,218,43,239,33,225,2266,248,28,288,128,115,84,201,66,225,26,120,1708,439,374,3737,447,157,337,38,41,1061,42,330,111,153,899,90,110,39,28,91,287,1971,32,101,51,76,273,225,130,57,91,154,125,787,195,129,160,109,99,70,95,177,368,119,69,203,97,148,475,1121,90,81,225,377,41,94,130,277,329,16,204,423,633,113,82,159,365,47,257,156,886,197,849,140,412,142,59,109,52,107,279,113,624,37,27,132,92,94,28,33,48,28,727,31,247,43,14,149,33,98,712,14,64,179,484,216,154,62,132,358,11,164,82,111,1025,44,190,86,36,1810,106,40,39,2476,90,319,126,46,129,81,64,59,90,185,18,102,25,26,63,80,187,78,328,389,785,168,2945,51,1642,103,690,290,119,290,2780,738,3157,347,282,186,97,535,53,37,89,2870,135,134,50,42,65,52,655,125,670,901,50,115,91,74,1121,162,45,59,2552,38,1455,166,66,222,152,172,44,54,23,2887,558,214,520,1250,511,73,222,137,72,1379,752,119,57,114,102,364,1780,58,23,155,110,189,5030,179,27,37,100,110,300,394,84,82,49,104,305,179,287,291,266,1370,224,44,1617,1362,139,44,379,76,28,102,33,58,122,468,21,86,187,211,31,41,151,303,72,28,153,73,28,1864,622,156,208,457,69,136,84,611,225,433,155,114,266,366,116,145,190,399,94,474,214,83,114,80,651,1019,855,23008,17984,5828,11943,10426,4493,5362,10841,14888,7107,13411
T[C>T]C,81,355,126,112,77,58,382,167,44,79,144,53,58,66,250,198,77,53,56,88,62,140,95,54,66,125,915,40,641,59,155,60,73,73,44,96,162,93,183,89,235,97,182,53,104,205,34,80,51,27,97,86,126,90,223,141,162,504,46,56,90,42,66,118,107,11,51,28,57,75,42,83,62,97,91,170,66,544,54,181,171,324,39,40,137,52,96,207,29,90,210,24,121,182,210,146,123,185,30,147,56,88,96,74,86,44,31,101,85,55,97,57,104,47,55,159,35,579,124,78,184,182,73,168,122,49,40,103,195,241,114,99,47,77,120,70,50,84,56,182,68,52,50,85,176,183,75,91,90,78,29,296,35,105,60,127,96,79,252,89,62,27,107,24,179,634,148,42,110,64,59,49,140,54,83,20,96,521,253,76,748,222,86,143,52,39,528,37,223,73,111,329,50,83,50,24,71,93,413,29,73,47,43,153,170,75,47,61,83,89,284,93,98,81,87,81,59,70,75,122,94,42,147,61,123,262,321,63,71,145,86,35,84,76,184,170,19,88,227,126,48,77,100,202,42,199,119,243,95,204,88,120,103,61,95,27,58,115,103,190,35,25,167,63,77,30,43,36,29,163,34,185,33,15,108,32,71,154,11,51,96,136,161,129,49,98,165,2,119,56,80,204,32,100,64,32,531,61,50,39,516,55,146,79,48,92,45,26,41,85,170,29,66,27,34,40,66,71,51,125,100,185,119,472,67,359,51,177,322,69,234,491,232,626,269,167,91,79,327,51,28,60,551,101,48,55,25,56,40,197,70,218,258,40,41,77,29,269,122,48,30,512,29,372,78,62,113,91,110,44,49,18,623,227,130,341,764,347,59,148,98,56,286,279,61,26,42,47,253,369,55,34,75,103,130,1004,103,24,16,87,89,243,236,76,52,39,62,196,90,101,203,124,274,152,41,312,276,62,42,104,61,31,67,35,47,46,116,37,67,130,175,42,47,104,166,59,34,130,33,29,373,234,115,161,257,77,98,68,155,96,197,165,96,137,255,78,77,65,153,86,128,117,70,92,57,308,890,897,4266,3444,991,2135,1806,891,870,2063,2790,1282,2734
T[C>T]G,99,127,93,92,76,68,241,56,81,72,131,53,43,52,126,114,143,44,57,115,43,69,103,65,49,94,153,47,546,63,117,45,78,77,43,52,173,79,170,103,275,74,171,64,106,143,36,47,71,35,128,83,80,105,106,64,162,274,49,48,50,66,61,123,103,25,32,32,55,81,38,88,55,105,79,160,72,346,67,112,102,212,26,46,127,72,93,140,36,39,99,34,110,86,86,64,64,85,34,129,50,74,129,66,75,65,25,126,42,40,58,51,118,44,55,76,49,419,68,189,184,63,86,157,155,52,61,97,112,115,90,135,39,79,131,70,62,91,61,123,53,158,57,44,268,62,57,75,91,68,32,161,34,54,73,85,93,62,131,81,59,54,90,32,185,216,79,39,106,48,24,55,75,52,50,18,94,384,88,67,304,144,74,118,42,36,181,27,89,60,139,250,56,46,50,35,66,76,288,37,72,50,44,79,79,49,49,69,94,35,233,92,115,72,123,58,50,66,55,119,63,51,94,90,86,178,262,87,90,84,72,31,58,70,111,60,20,49,101,62,81,73,74,83,39,136,85,202,114,181,111,104,83,68,63,25,39,88,68,95,66,13,107,65,89,45,51,102,27,207,37,83,60,11,67,49,82,125,10,76,72,98,106,91,68,72,88,2,106,88,48,206,42,48,81,41,174,70,42,39,345,68,77,84,94,88,74,36,73,76,221,29,61,46,64,68,67,49,46,86,74,119,143,214,39,307,55,124,623,108,95,311,170,419,119,164,46,53,139,34,32,61,319,77,50,36,27,46,50,69,69,155,103,49,52,113,59,271,74,40,42,408,53,160,80,76,116,64,50,61,57,22,366,135,136,101,322,242,75,109,71,33,177,132,39,51,56,37,163,261,42,50,78,78,46,773,89,20,19,63,85,127,132,91,60,40,70,93,72,112,59,62,283,73,39,201,168,71,40,93,79,28,43,34,62,58,105,37,63,93,62,41,111,68,90,68,41,75,12,41,251,160,109,89,119,56,79,87,138,43,144,202,77,145,191,66,93,122,69,160,92,108,81,78,61,105,941,2903,2272,1828,526,887,1015,510,642,1418,1587,803,2023
T[C>T]T,90,460,148,250,102,74,814,159,55,135,347,66,103,79,341,421,114,98,63,125,58,131,147,66,86,149,458,36,1411,98,244,69,91,81,91,97,168,79,308,179,644,111,394,112,112,261,40,99,49,44,128,190,152,117,401,229,210,1183,50,69,115,46,89,210,225,12,89,43,49,124,35,90,80,104,128,347,105,1107,78,219,250,439,29,69,224,56,158,257,33,117,346,22,177,264,298,261,136,247,36,141,50,88,142,112,85,93,34,114,119,43,91,106,153,61,48,216,38,1337,181,90,157,227,131,370,147,47,40,128,337,328,194,99,49,92,272,78,67,141,75,219,105,57,54,121,203,165,104,84,95,105,27,369,48,152,76,142,135,79,317,119,97,33,134,18,241,1297,191,26,162,79,58,61,229,70,143,32,110,939,392,190,1727,338,100,232,34,45,745,32,313,82,139,576,80,83,61,26,60,202,941,44,88,33,56,192,171,117,47,68,109,115,501,132,127,104,95,91,50,98,96,111,140,56,156,80,160,381,711,59,69,222,203,21,106,107,314,208,19,128,300,264,62,80,111,279,51,237,148,495,148,492,132,302,152,58,119,49,73,210,101,314,27,21,167,99,73,28,40,53,19,360,34,229,47,21,129,51,89,356,11,56,106,238,191,144,62,124,274,2,146,50,73,514,48,116,72,42,1035,55,31,21,1247,55,187,90,65,113,57,54,41,84,170,21,91,24,42,72,63,103,55,182,212,409,138,1168,44,848,60,382,260,99,296,1321,535,1590,287,211,126,116,436,49,23,73,1261,139,96,51,32,38,33,407,88,371,372,36,94,79,47,605,193,23,46,1275,46,768,115,69,195,132,164,42,55,20,1516,347,201,382,1015,443,61,199,131,75,587,442,76,49,76,69,346,854,65,33,95,111,189,2588,126,24,27,86,80,365,350,79,46,33,66,230,95,212,245,177,703,182,39,680,720,93,32,210,80,28,77,28,55,61,272,34,72,176,179,42,36,155,245,57,31,145,42,45,1003,386,141,213,367,82,109,89,324,137,278,168,108,203,294,88,99,112,280,76,220,139,62,126,55,466,820,679,10335,9038,3018,6084,4548,1818,2062,5825,6965,3226,6786
T[T>A]A,38,152,95,37,38,16,20,84,47,31,25,31,21,24,143,20,109,20,48,48,20,52,60,45,89,110,76,23,178,33,124,29,52,27,16,47,71,47,83,59,71,100,29,23,46,183,22,43,37,17,63,16,31,66,70,96,79,51,21,28,52,19,29,125,22,20,39,39,37,33,17,39,34,59,37,41,24,89,22,121,158,367,29,25,61,17,52,70,18,51,96,16,43,68,98,103,103,149,18,57,11,31,34,31,48,27,12,64,34,10,34,12,25,23,39,121,24,45,32,77,90,65,43,35,102,25,18,75,49,123,63,92,39,49,45,27,43,28,48,80,45,45,25,88,104,65,55,29,48,65,38,230,23,77,38,92,105,48,196,68,21,18,78,10,315,197,119,18,45,67,27,26,153,39,48,16,66,184,94,15,96,82,53,34,24,29,204,37,118,38,106,128,35,41,26,16,49,27,94,27,142,48,42,57,99,70,19,53,27,64,106,48,66,20,81,41,10,62,69,28,80,32,70,37,125,151,100,53,69,91,21,18,60,47,170,77,13,56,141,40,38,50,39,68,19,110,80,30,51,40,48,24,89,33,68,38,23,74,33,89,28,8,280,46,39,20,18,28,16,39,18,113,21,10,84,21,61,26,5,20,74,29,108,166,21,55,106,0,41,44,29,32,24,64,60,18,79,31,20,33,14,16,83,22,51,55,14,28,22,45,117,16,34,19,21,29,31,28,38,35,44,34,100,30,28,45,57,41,376,43,118,25,43,117,140,68,64,18,140,25,17,32,64,90,14,27,27,31,48,37,30,52,67,24,24,28,24,88,127,17,15,26,16,43,43,19,59,88,56,23,35,14,19,80,59,122,350,134,27,125,50,34,32,153,21,23,33,28,112,20,52,23,47,45,72,83,64,11,19,54,50,206,90,22,25,21,32,97,56,25,55,33,99,56,29,61,40,54,26,32,26,11,58,34,31,21,43,9,35,87,71,18,32,102,67,33,25,102,15,33,84,75,81,115,146,75,51,52,37,44,41,87,57,158,214,43,18,49,77,34,42,30,41,120,24,118,1151,896,120,30,32,29,192,133,124,65,35,44,213
T[T>A]C,12,115,62,18,15,4,11,69,11,4,12,9,9,13,103,4,32,4,14,15,7,33,21,18,50,80,60,11,75,4,95,8,12,16,2,31,35,19,23,36,12,31,10,8,13,148,3,17,6,4,21,7,30,21,48,76,19,19,5,6,13,13,34,68,7,1,16,5,14,7,6,19,23,23,8,12,9,60,6,39,95,172,7,18,18,10,15,15,8,43,52,3,16,49,54,63,44,73,5,30,11,16,23,9,16,10,11,19,4,12,12,8,7,6,22,72,10,25,7,14,27,39,14,13,22,14,13,44,41,72,50,18,8,18,8,15,5,12,28,25,11,11,23,68,28,39,47,12,12,32,7,117,6,59,5,53,52,13,118,33,14,7,56,5,37,130,33,12,12,61,21,10,115,13,24,7,32,58,64,5,82,19,47,20,15,5,87,16,93,12,68,45,16,34,17,3,13,13,44,5,21,10,10,25,45,37,10,17,15,38,22,17,20,4,21,15,10,27,38,9,53,17,61,11,93,76,30,19,12,49,2,13,36,19,113,35,5,15,75,14,4,25,18,43,13,40,55,13,28,10,16,6,66,20,63,16,2,19,13,64,9,15,33,22,15,9,9,12,10,32,9,76,5,4,52,10,17,13,2,5,43,9,76,73,9,54,49,0,15,15,7,12,5,35,11,5,50,16,5,13,6,6,58,8,14,21,5,8,13,13,20,4,19,6,8,10,8,6,20,21,13,49,24,13,13,15,20,18,40,9,77,13,12,109,91,32,27,12,112,15,13,12,20,56,3,3,6,15,13,29,13,22,48,13,12,17,9,10,85,11,11,14,4,21,16,7,16,56,37,9,13,3,11,43,27,59,123,55,18,87,29,7,18,108,7,5,7,6,34,13,36,7,16,18,37,18,22,14,11,10,10,149,74,27,10,11,19,76,34,5,32,40,28,58,11,26,14,18,10,7,20,5,15,2,4,12,20,10,10,9,38,9,8,70,70,11,10,69,12,6,21,24,31,71,117,53,25,8,12,36,17,37,39,49,62,22,16,18,49,15,10,14,17,40,12,76,178,114,49,6,12,4,77,72,28,20,17,22,55
T[T>A]G,12,80,47,8,10,6,8,57,6,6,13,15,6,11,68,5,17,3,12,8,9,24,9,13,35,45,36,4,59,4,57,2,13,8,2,35,33,15,24,35,9,17,12,4,9,97,5,5,8,6,15,3,19,25,34,50,14,17,11,4,21,7,20,69,3,1,17,4,12,6,5,13,14,18,11,14,7,41,6,40,82,174,8,3,9,6,8,20,5,35,54,2,12,37,42,46,36,86,4,16,4,9,12,3,7,6,2,22,8,7,11,5,4,6,10,62,5,20,10,9,16,51,8,6,12,7,5,29,22,67,39,16,6,14,6,9,5,8,8,36,16,11,6,48,15,35,31,2,20,29,6,99,3,31,7,44,30,5,121,26,8,4,41,5,44,100,32,3,11,46,15,7,64,3,17,3,15,63,56,5,48,12,39,21,10,8,81,10,56,11,41,29,13,16,8,2,16,6,29,6,14,3,6,18,49,26,6,12,14,28,16,9,22,12,12,11,5,35,29,9,37,11,27,12,80,56,31,8,15,30,6,9,33,14,87,37,1,10,56,8,7,16,13,33,10,29,56,9,21,9,18,5,31,5,45,15,9,16,15,47,6,6,42,12,9,4,7,3,3,18,3,42,3,4,37,11,14,10,0,10,51,7,65,93,12,33,42,0,14,12,5,16,4,28,8,2,61,10,10,7,4,10,52,7,12,21,5,5,3,9,17,4,8,4,9,5,16,6,22,13,13,32,18,8,10,10,17,6,32,3,46,12,12,69,49,20,20,7,64,4,10,20,29,53,3,5,4,6,7,17,9,15,38,8,12,12,5,14,62,6,10,15,8,18,11,4,18,36,27,7,6,2,8,28,19,43,117,42,6,53,14,8,13,77,4,12,5,6,20,5,23,8,6,14,32,17,22,5,8,10,10,107,55,14,4,3,11,60,32,4,40,31,25,50,5,23,11,15,13,12,13,3,18,4,5,16,19,3,7,9,38,7,11,48,37,7,5,41,7,7,14,15,16,62,77,36,9,6,8,20,8,29,45,41,46,13,10,11,47,14,9,10,22,64,5,67,206,56,52,13,8,6,38,55,27,23,5,9,31
T[T>A]T,32,213,148,45,43,14,30,119,27,22,20,47,13,23,205,19,47,18,27,27,20,59,41,38,84,147,110,18,153,11,240,15,25,22,11,64,77,64,62,94,28,63,32,16,36,365,19,25,25,12,38,10,76,56,94,166,43,32,13,7,34,14,62,187,20,8,68,16,28,17,21,48,38,64,31,33,16,121,18,100,257,511,17,15,63,14,26,69,16,85,89,19,42,100,140,126,108,172,12,51,16,31,27,32,43,15,12,52,19,18,34,13,26,21,26,140,18,40,24,48,76,133,31,16,97,28,12,112,95,194,115,44,30,32,24,15,21,18,50,91,37,40,17,151,95,71,88,26,38,65,22,283,20,87,22,125,99,28,338,114,18,13,111,16,184,290,106,18,49,136,47,26,236,35,66,13,48,147,187,10,198,35,115,52,23,19,184,34,181,26,120,167,42,59,20,9,43,18,67,20,80,26,42,61,132,120,16,50,22,64,61,32,36,21,50,38,18,120,72,24,106,27,145,31,179,165,80,25,44,105,9,31,81,39,335,72,11,53,151,38,29,62,37,102,20,109,158,20,41,24,32,14,143,31,139,64,18,39,42,131,14,26,150,37,31,17,18,14,19,54,15,137,9,27,132,17,42,32,2,33,135,24,176,241,32,137,136,1,37,48,32,28,11,71,39,10,119,30,20,16,7,20,123,18,39,50,12,19,20,30,53,10,38,12,13,13,32,15,67,37,27,63,61,32,29,43,51,22,456,31,162,25,29,214,152,67,42,13,225,22,20,30,62,203,11,17,12,30,27,52,18,57,108,21,25,48,20,48,197,20,14,33,19,54,34,25,37,148,70,14,13,9,20,73,56,146,279,126,22,186,70,12,55,308,18,23,26,12,61,14,65,28,31,37,90,58,44,11,22,25,33,424,131,55,19,24,31,136,77,28,78,89,70,121,18,67,31,36,32,29,26,13,48,15,20,21,46,10,31,39,101,19,30,192,145,22,17,143,31,25,50,40,80,142,227,123,41,37,40,72,34,75,110,129,150,42,27,46,113,37,37,26,47,88,25,228,1300,966,111,24,30,20,130,156,79,49,26,42,232
T[T>C]A,35,193,97,32,44,15,16,86,19,19,28,22,12,23,158,24,49,17,28,41,27,78,28,29,79,93,187,14,132,9,106,21,47,29,18,44,73,39,82,70,44,44,44,12,41,217,14,32,27,16,83,15,56,64,65,119,34,28,29,17,26,25,29,141,20,5,22,20,30,14,22,29,39,68,16,34,23,80,18,93,141,178,13,23,43,17,33,71,13,58,120,14,36,74,94,67,79,150,20,49,20,28,30,31,38,20,10,49,14,22,23,19,20,22,40,94,10,47,25,52,103,78,26,23,397,20,13,124,46,121,43,53,27,45,29,41,21,24,31,59,29,38,44,76,421,67,50,35,35,69,19,153,24,52,26,76,145,27,161,66,20,13,86,11,164,149,116,19,40,50,26,24,115,19,55,16,61,118,79,11,82,55,87,35,22,20,177,32,145,31,87,103,28,37,27,7,36,29,74,17,48,59,12,46,125,70,18,50,46,75,64,19,51,13,40,51,17,39,66,21,62,28,89,32,101,155,77,23,35,82,14,18,47,48,147,52,10,43,156,28,16,44,39,62,20,101,72,42,43,16,46,24,83,33,62,30,18,32,29,58,19,21,577,52,38,18,22,33,10,42,15,132,14,6,67,18,47,26,5,36,130,30,78,231,26,95,73,0,37,50,28,29,23,35,47,17,97,33,23,30,14,13,94,17,34,58,25,12,10,29,55,19,36,14,22,23,25,14,38,44,34,39,66,31,37,40,40,31,677,28,72,33,44,340,135,66,52,23,164,23,20,34,74,73,10,9,17,22,27,49,20,45,48,14,25,40,15,42,135,23,22,40,20,31,39,27,65,116,57,16,34,12,17,81,89,93,251,100,25,75,37,16,26,143,15,14,11,11,67,19,72,31,31,43,52,53,36,14,17,20,41,161,82,26,22,33,38,100,100,24,45,69,48,78,24,52,22,31,40,29,51,14,55,24,16,19,37,21,26,34,86,22,21,104,60,27,15,80,16,12,200,61,54,114,162,66,41,28,36,42,42,87,74,130,71,44,25,34,121,29,39,37,42,122,18,175,2291,2130,77,31,25,24,311,129,84,58,28,51,706
T[T>C]C,44,157,112,19,25,14,18,57,20,14,22,22,13,9,138,13,57,8,24,40,19,58,24,19,59,90,93,17,113,5,73,15,34,26,10,36,52,23,79,53,40,51,23,16,33,196,15,24,31,10,52,14,47,42,38,89,36,29,26,11,31,13,31,125,13,9,20,10,17,18,14,21,18,42,19,27,15,72,15,97,127,127,21,18,36,11,26,40,13,49,89,9,34,54,92,66,68,163,5,32,10,14,19,31,34,9,12,51,11,16,26,11,15,27,27,48,11,38,17,41,66,97,16,27,174,19,10,115,45,110,46,54,21,20,28,38,17,19,30,36,21,20,18,107,164,40,57,11,29,44,18,131,20,79,28,48,76,25,163,56,12,13,65,7,130,151,106,12,45,70,25,23,101,13,55,8,93,118,107,6,88,31,60,31,17,24,137,20,97,23,79,116,17,26,20,14,31,24,62,15,59,21,15,39,78,83,11,42,27,40,44,30,38,11,41,42,9,44,44,22,61,19,76,14,92,123,57,20,37,46,5,17,46,30,207,47,7,26,139,28,13,37,25,55,23,55,63,21,28,14,28,14,69,13,60,36,15,37,11,47,14,15,342,22,34,13,7,35,15,33,9,102,13,8,92,16,22,23,5,11,69,31,108,228,23,59,77,0,31,27,16,19,12,41,36,13,98,16,13,17,11,17,134,16,18,38,13,13,14,28,54,14,25,2,11,16,21,15,27,26,38,38,36,18,23,39,40,24,492,28,71,26,38,214,88,47,31,9,135,19,20,20,45,66,13,13,8,11,11,43,18,28,45,13,8,27,9,42,104,12,8,33,15,30,26,20,35,117,40,5,20,10,11,47,51,91,221,101,15,77,20,15,19,157,14,17,12,14,72,7,55,17,24,30,45,61,32,9,13,16,34,202,97,25,15,16,32,125,56,19,32,54,35,62,15,37,21,17,21,13,37,6,32,9,16,22,34,11,9,39,57,20,23,86,82,23,8,64,7,12,80,61,45,63,146,62,50,50,27,39,26,74,50,85,56,36,25,24,82,30,26,33,17,79,7,163,1186,1188,66,20,24,19,196,79,69,31,23,36,420
T[T>C]G,23,97,52,12,15,8,9,45,10,15,23,24,10,10,91,14,27,16,16,13,21,38,21,17,45,56,61,22,69,6,57,7,38,16,8,28,32,25,26,38,12,37,22,14,12,104,9,27,21,15,29,24,25,30,32,56,24,20,20,9,57,7,13,43,12,5,10,12,11,19,10,18,22,36,11,22,14,46,12,76,75,91,69,15,28,9,21,46,9,28,28,8,15,40,55,43,41,81,10,19,18,21,24,14,28,8,13,27,7,21,23,16,13,8,19,53,8,24,14,28,39,65,26,18,179,26,9,60,29,60,19,20,14,24,18,14,11,12,21,38,21,15,17,43,234,42,25,16,11,24,10,83,9,32,13,50,88,16,80,28,11,6,44,3,95,71,64,9,23,35,15,16,66,11,19,12,42,50,63,10,35,34,50,32,10,8,112,21,56,15,51,79,19,15,15,4,11,14,34,11,37,20,13,29,70,44,10,32,28,34,34,18,23,10,29,22,10,19,51,17,38,14,35,18,44,69,43,22,18,41,6,13,36,22,86,29,5,25,73,15,14,16,17,46,11,47,51,15,19,15,24,16,34,18,36,23,19,34,17,34,14,11,354,31,24,14,9,11,4,31,10,59,9,1,49,17,28,11,4,17,73,13,54,90,17,41,46,1,26,25,15,14,9,19,24,13,62,27,14,15,6,8,62,7,13,19,21,10,6,15,22,7,19,6,9,13,21,12,26,31,23,26,46,5,26,25,23,13,637,29,54,19,21,213,42,50,27,13,83,13,12,25,31,38,3,11,8,21,12,22,11,18,41,19,12,18,7,21,50,10,15,16,16,25,29,20,22,50,28,12,14,12,5,33,46,61,152,50,16,44,20,12,21,72,7,8,7,12,30,10,33,10,18,14,33,24,33,5,16,16,29,74,50,25,14,21,14,59,52,12,26,45,26,36,11,23,20,9,16,12,37,8,25,17,9,11,18,9,13,15,44,8,15,53,34,15,10,33,7,15,137,34,32,59,91,36,18,15,28,23,15,46,56,61,48,13,23,18,52,17,19,19,18,83,9,88,1827,1411,45,12,19,14,141,62,51,25,16,21,449
T[T>C]T,47,198,102,42,39,17,25,105,28,26,36,44,13,41,192,18,66,22,33,34,33,94,46,34,79,113,111,15,146,11,92,19,58,42,29,53,90,52,79,80,40,66,30,25,52,262,16,32,35,19,75,20,54,67,81,133,43,38,23,13,32,21,39,125,12,17,25,17,39,28,24,38,52,69,27,28,28,103,21,147,176,300,16,22,52,19,47,96,17,72,122,15,51,80,86,78,104,178,23,57,15,37,31,38,50,25,26,49,18,27,25,27,32,28,37,96,28,47,27,53,104,127,40,21,335,34,24,122,58,113,57,50,41,36,31,44,22,37,45,61,37,43,27,115,301,75,67,26,43,79,32,188,29,91,29,94,131,41,215,77,29,17,84,14,185,184,119,24,43,76,34,36,98,25,53,16,78,138,117,22,93,70,99,44,20,28,181,49,129,35,105,201,25,39,24,17,37,34,83,23,68,60,17,64,121,84,20,45,43,64,73,37,53,22,51,54,20,76,72,37,84,28,99,30,138,169,107,55,47,84,30,35,57,57,197,54,18,38,159,38,28,56,43,88,33,97,91,38,63,23,49,24,111,29,78,31,31,49,35,60,27,14,548,53,37,23,27,58,23,61,24,121,21,16,98,23,50,24,4,32,132,44,136,285,39,101,90,1,54,44,43,36,13,51,37,23,125,30,23,26,14,14,128,24,35,59,21,22,29,49,81,24,47,9,27,39,24,19,47,40,45,65,92,22,32,46,39,24,809,44,93,30,37,359,142,75,48,27,182,37,33,46,68,102,13,19,14,27,17,54,22,40,80,33,34,40,13,51,110,21,30,53,16,53,42,23,68,118,59,23,30,20,23,84,99,133,292,121,25,117,42,21,36,192,12,28,15,22,77,22,64,26,38,57,70,57,54,20,15,39,33,215,128,51,38,25,45,155,88,38,61,57,53,82,30,57,25,31,41,28,50,20,57,23,22,21,44,17,22,49,81,32,38,115,112,26,21,78,19,22,161,67,85,133,191,93,55,39,37,54,62,93,93,110,95,64,35,34,103,36,45,49,37,111,19,189,1949,2216,98,30,27,37,241,118,96,44,43,81,648
T[T>G]A,20,132,82,18,20,7,11,30,9,7,7,16,11,9,113,11,23,5,7,15,13,21,8,5,48,64,88,3,67,9,39,4,21,13,8,17,33,10,23,35,17,24,10,4,13,114,7,14,16,6,25,9,39,52,27,71,19,11,9,9,12,7,29,75,5,1,13,7,10,9,12,14,26,29,10,15,6,36,4,47,105,159,7,17,32,7,14,33,3,44,81,6,15,37,45,44,49,92,10,20,11,16,9,11,19,8,5,15,11,9,17,5,17,9,9,59,6,22,8,23,32,87,10,10,18,17,12,69,28,76,28,20,8,19,7,23,17,8,21,25,10,11,9,47,10,31,41,7,13,36,8,126,10,38,7,39,63,10,92,46,5,7,51,6,59,102,61,3,13,37,14,12,83,18,26,4,47,54,64,3,55,24,55,14,6,11,129,24,64,14,58,135,7,19,8,2,7,9,43,7,23,17,11,18,65,58,12,9,11,27,26,14,36,6,14,17,4,30,26,10,40,13,45,11,95,108,40,13,23,75,6,12,29,19,103,38,6,21,123,13,4,9,19,52,11,61,50,16,20,15,9,7,38,15,46,17,8,18,9,33,10,7,39,13,10,7,13,9,10,22,0,81,10,5,57,4,21,18,1,11,76,11,66,172,11,30,85,2,21,16,12,12,8,26,14,4,46,12,2,11,7,9,65,4,8,30,3,9,8,13,16,10,22,3,3,9,14,9,24,18,13,20,23,11,13,10,21,4,15,21,37,16,14,114,57,37,27,9,112,9,11,9,43,51,1,9,3,15,3,27,12,16,39,9,8,19,9,12,75,7,7,20,6,28,14,4,20,58,40,9,13,6,6,28,29,66,260,39,13,48,6,7,20,88,7,9,5,4,42,9,30,7,25,17,30,30,65,4,11,9,10,93,68,24,9,8,8,56,49,10,23,32,21,44,6,28,15,17,10,9,12,7,31,5,4,10,23,2,10,21,52,11,11,54,40,8,1,51,8,8,5,24,39,64,126,57,21,9,24,21,12,27,64,75,27,17,11,14,51,12,24,13,15,67,4,114,96,53,59,13,12,10,32,87,86,24,15,14,22
T[T>G]C,8,86,39,4,13,7,2,32,2,4,8,10,4,13,81,2,13,12,2,15,7,18,6,10,29,52,42,4,44,3,30,6,10,10,4,17,31,11,12,28,16,18,12,8,4,78,6,6,12,13,9,6,19,15,29,48,7,9,7,4,10,6,14,54,2,0,23,3,10,7,3,13,12,22,6,11,11,25,5,33,59,71,7,9,14,8,8,16,7,32,38,9,14,21,45,40,34,78,2,15,5,6,10,10,12,6,5,19,4,11,7,10,7,8,11,42,6,14,9,9,21,51,9,7,16,7,2,45,14,52,20,11,6,12,9,5,3,6,12,19,8,9,7,33,13,25,18,9,7,29,5,75,3,28,13,29,26,8,70,33,5,1,30,7,38,59,41,6,8,39,7,4,47,10,19,3,35,25,56,9,39,15,26,18,6,3,73,8,54,8,39,183,5,14,11,3,10,7,28,3,14,7,3,15,32,22,4,14,12,20,17,8,18,2,7,16,6,16,17,8,40,11,41,9,62,50,35,18,18,36,2,7,21,22,72,22,4,7,47,12,5,14,20,37,8,33,27,8,10,4,19,5,16,7,31,13,5,10,9,19,11,3,52,12,12,8,5,8,4,12,5,64,7,4,37,4,20,3,1,5,29,9,44,81,7,24,44,1,7,11,10,12,4,21,12,4,34,13,9,4,6,5,47,9,4,17,2,4,5,13,15,8,9,1,8,4,9,3,24,11,5,17,12,12,5,13,16,5,24,16,41,7,6,52,43,17,16,8,76,8,8,10,18,28,3,5,4,6,7,19,3,8,29,8,7,9,4,10,49,6,6,13,9,12,14,2,8,51,30,2,5,6,4,18,29,37,140,22,7,30,14,7,12,64,8,9,0,1,36,6,27,8,7,13,23,16,21,4,9,12,11,64,39,14,5,6,10,40,33,6,18,25,17,31,5,14,5,9,14,9,5,5,15,1,6,5,10,4,5,9,27,12,14,42,33,7,4,33,6,4,15,20,22,33,79,41,15,11,14,20,11,18,40,45,31,4,9,9,32,7,18,13,13,88,4,70,93,53,33,3,5,6,26,53,38,16,6,12,34
T[T>G]G,17,159,71,16,20,12,8,32,5,10,13,14,9,12,135,4,25,7,8,37,4,21,18,16,59,92,82,7,73,7,73,7,14,13,5,27,29,25,25,45,12,40,14,11,9,149,6,15,14,2,18,1,39,21,61,108,11,11,14,1,19,6,28,109,5,2,29,5,11,4,9,13,21,18,11,6,5,31,5,58,115,118,9,5,28,10,14,23,7,44,70,6,21,61,65,71,57,93,8,22,7,7,14,13,17,6,7,26,9,7,10,8,7,14,19,64,5,29,7,27,22,70,9,13,38,10,3,81,26,109,32,23,13,18,17,10,14,11,15,36,9,16,5,48,23,48,44,5,10,39,5,114,6,61,13,50,33,10,115,52,6,5,63,2,97,96,96,5,11,44,22,15,110,10,43,5,32,40,78,2,66,22,42,30,6,10,134,22,97,12,74,99,12,18,9,4,12,10,40,8,27,17,8,25,53,70,6,16,12,32,32,16,25,5,21,18,9,56,20,6,58,10,72,9,86,80,58,12,27,54,2,14,45,18,136,51,3,11,80,9,11,18,26,50,16,47,66,14,20,2,14,9,52,11,56,38,4,17,16,48,6,7,80,27,18,11,10,8,8,19,8,95,7,11,55,3,22,11,2,8,47,11,105,130,11,70,73,0,16,17,11,17,4,34,17,13,74,20,7,14,2,6,71,8,6,29,7,5,7,12,28,3,15,1,15,10,14,2,27,12,17,43,23,6,14,13,35,11,110,10,46,12,18,50,84,25,8,4,100,6,17,11,25,62,7,7,8,14,7,31,7,15,41,7,12,9,9,106,101,11,6,18,4,17,13,3,20,68,39,4,13,4,9,31,31,86,247,43,12,51,14,8,21,115,6,10,7,5,28,9,46,4,9,12,32,33,18,6,16,24,10,139,52,17,13,14,13,100,57,16,29,42,26,58,8,21,16,14,11,16,11,3,19,6,11,9,14,3,10,22,45,10,10,86,53,13,5,65,12,7,10,26,31,80,120,55,21,14,21,30,9,32,63,80,46,15,13,10,55,14,27,14,20,139,13,138,222,223,44,7,17,11,35,78,39,28,8,26,65
T[T>G]T,46,261,125,26,50,12,15,76,26,24,18,34,25,19,202,17,48,22,24,35,25,56,38,21,103,117,185,13,127,11,81,25,32,33,28,58,76,71,47,107,35,73,26,15,25,196,17,32,29,12,38,11,58,58,74,147,45,33,19,13,47,11,48,131,21,14,59,13,24,17,15,37,48,57,29,44,23,91,19,121,166,250,18,26,42,17,37,57,12,71,104,11,34,79,108,104,106,168,10,40,13,25,20,23,48,11,13,40,24,19,34,16,28,25,42,112,14,70,23,36,72,110,40,25,78,34,13,145,56,131,60,37,26,31,31,40,26,23,49,61,35,40,30,110,77,74,69,28,29,89,23,221,19,99,20,95,119,41,182,85,21,16,77,17,153,202,128,14,45,97,35,26,184,35,54,11,72,148,114,15,122,70,89,49,16,19,219,44,136,39,120,1642,27,45,31,10,35,25,98,11,58,41,18,41,204,79,17,45,29,61,45,28,48,20,50,53,10,79,76,35,99,29,97,35,146,144,92,38,48,102,16,29,80,57,203,69,6,43,203,33,13,38,29,100,35,98,96,31,32,14,47,11,87,30,68,49,17,33,27,113,15,19,217,37,28,11,19,23,17,51,6,122,21,18,119,27,59,20,8,23,128,25,132,269,30,91,104,3,35,37,26,17,14,57,26,13,110,25,12,14,13,23,120,16,28,47,12,12,18,34,65,9,33,11,21,20,24,19,59,33,30,47,50,30,31,38,64,26,316,43,95,24,27,167,125,66,48,16,218,26,33,27,65,92,5,17,14,20,19,50,19,59,94,20,19,34,20,53,151,13,14,27,9,48,38,17,29,110,61,16,18,9,14,67,94,110,467,87,22,99,27,18,38,153,11,23,21,14,105,13,63,14,31,34,57,66,66,12,17,47,18,190,138,67,34,23,26,125,73,28,50,56,61,82,10,43,26,29,33,28,32,12,50,27,19,20,35,9,27,37,88,22,30,107,308,19,8,100,17,18,53,47,60,133,229,78,48,40,34,39,32,80,101,163,224,29,14,43,90,36,36,37,39,251,23,185,661,508,86,35,32,28,103,194,142,50,27,56,202
